GUID,TR_Name,EN_Name,DataType,GroupName,Description_TR,Description_EN,EN_GroupName
f1a00001-0001-0001-0001-000000000001,TR_ProjeNo,EN_ProjectNumber,TEXT,TR-GENEL PROJE BİLGİLERİ,Proje numarası (ÇŞB/İdare kodu),Project number (MoEUA / administration code),EN-GENERAL PROJECT INFO
f1a00001-0001-0001-0001-000000000002,TR_ProjeAdi,EN_ProjectName,TEXT,TR-GENEL PROJE BİLGİLERİ,Projenin tam adı,Full project name,EN-GENERAL PROJECT INFO
f1a00001-0001-0001-0001-000000000003,TR_ProjeSahibi,EN_ProjectOwner,TEXT,TR-GENEL PROJE BİLGİLERİ,İşveren / Proje sahibi adı,Employer / project owner name,EN-GENERAL PROJECT INFO
f1a00001-0001-0001-0001-000000000004,TR_MimarAdSoyad,EN_ArchitectFullName,TEXT,TR-GENEL PROJE BİLGİLERİ,Sorumlu mimar adı soyadı,Responsible architect full name,EN-GENERAL PROJECT INFO
f1a00001-0001-0001-0001-000000000005,TR_MimarOdaNo,EN_ArchitectLicenseNumber,TEXT,TR-GENEL PROJE BİLGİLERİ,TMMOB Mimarlar Odası sicil no,Chamber of Architects license number,EN-GENERAL PROJECT INFO
f1a00001-0001-0001-0001-000000000006,TR_StatikMuhendis,EN_StructuralEngineerFullName,TEXT,TR-GENEL PROJE BİLGİLERİ,Sorumlu inşaat müh. adı soyadı,Responsible structural engineer full name,EN-GENERAL PROJECT INFO
f1a00001-0001-0001-0001-000000000007,TR_StatikOdaNo,EN_StructuralEngineerLicenseNumber,TEXT,TR-GENEL PROJE BİLGİLERİ,IMO sicil no,Chamber of Civil Engineers license number,EN-GENERAL PROJECT INFO
f1a00001-0001-0001-0001-000000000008,TR_MekanikMuhendis,EN_MechanicalEngineerFullName,TEXT,TR-GENEL PROJE BİLGİLERİ,Sorumlu makine müh. adı soyadı,Responsible mechanical engineer full name,EN-GENERAL PROJECT INFO
f1a00001-0001-0001-0001-000000000009,TR_MekanikOdaNo,EN_MechanicalEngineerLicenseNumber,TEXT,TR-GENEL PROJE BİLGİLERİ,MMO sicil no,Chamber of Mechanical Engineers license number,EN-GENERAL PROJECT INFO
f1a00001-0001-0001-0001-000000000010,TR_ElektrikMuhendis,EN_ElectricalEngineerFullName,TEXT,TR-GENEL PROJE BİLGİLERİ,Sorumlu elektrik müh. adı soyadı,Responsible electrical engineer full name,EN-GENERAL PROJECT INFO
f1a00001-0001-0001-0001-000000000011,TR_ElektrikOdaNo,EN_ElectricalEngineerLicenseNumber,TEXT,TR-GENEL PROJE BİLGİLERİ,EMO sicil no,Chamber of Electrical Engineers license number,EN-GENERAL PROJECT INFO
f1a00001-0001-0001-0001-000000000012,TR_ProjeAsamasi,EN_ProjectStage,TEXT,TR-GENEL PROJE BİLGİLERİ,Ön / Kesin / Uygulama / Ruhsat projesi,Preliminary / Final / Construction Document / Permit project,EN-GENERAL PROJECT INFO
f1a00001-0001-0001-0001-000000000013,TR_ProjeRevizyon,EN_ProjectRevision,TEXT,TR-GENEL PROJE BİLGİLERİ,Revizyon no ve tarihi,Revision number and date,EN-GENERAL PROJECT INFO
f1a00001-0001-0001-0001-000000000014,TR_CizimNo,EN_DrawingNumber,TEXT,TR-GENEL PROJE BİLGİLERİ,Çizim/pafta numarası,Drawing / sheet number,EN-GENERAL PROJECT INFO
f1a00001-0001-0001-0001-000000000015,TR_Olcek,EN_Scale,TEXT,TR-GENEL PROJE BİLGİLERİ,"Çizim ölçeği (1:50, 1:100, 1:200 vb)","Drawing scale (1:50, 1:100, 1:200 etc.)",EN-GENERAL PROJECT INFO
f1a00002-0001-0001-0001-000000000001,TR_YapiSinifi,EN_BuildingClass,TEXT,TR-YAPI BİLGİLERİ,Yapı sınıfı: Basit/Normal/Büyük/Özel,Building class: Simple / Normal / Large / Special,EN-BUILDING INFO
f1a00002-0001-0001-0001-000000000002,TR_YapiKullanimAmaci,EN_BuildingUsePurpose,TEXT,TR-YAPI BİLGİLERİ,Konut/Ticari/Endüstriyel/Karma,Residential / Commercial / Industrial / Mixed,EN-BUILDING INFO
f1a00002-0001-0001-0001-000000000003,TR_KatAdedi,EN_StoreyCount,INTEGER,TR-YAPI BİLGİLERİ,Toplam kat adedi (bodrum dahil),Total number of storeys (including basement),EN-BUILDING INFO
f1a00002-0001-0001-0001-000000000004,TR_ToplamInsaatAlani,EN_TotalConstructionArea,AREA,TR-YAPI BİLGİLERİ,Toplam inşaat alanı (m2),Total construction area (m2),EN-BUILDING INFO
f1a00002-0001-0001-0001-000000000005,TR_BrutAlan,EN_GrossArea,AREA,TR-YAPI BİLGİLERİ,Brüt alan (m2),Gross floor area (m2),EN-BUILDING INFO
f1a00002-0001-0001-0001-000000000006,TR_NetAlan,EN_NetArea,AREA,TR-YAPI BİLGİLERİ,Net alan (m2),Net floor area (m2),EN-BUILDING INFO
f1a00002-0001-0001-0001-000000000007,TR_TabanAlani,EN_FootprintArea,AREA,TR-YAPI BİLGİLERİ,Taban alanı (m2),Footprint area (m2),EN-BUILDING INFO
f1a00002-0001-0001-0001-000000000008,TR_YukseklikBinaH,EN_BuildingHeight,LENGTH,TR-YAPI BİLGİLERİ,BYKHY göre bina yüksekliği (m),Building height per BFRR (m),EN-BUILDING INFO
f1a00002-0001-0001-0001-000000000009,TR_KatYuksekligi,EN_StoreyHeight,LENGTH,TR-YAPI BİLGİLERİ,Net kat yüksekliği (m),Net storey height (m),EN-BUILDING INFO
f1a00002-0001-0001-0001-000000000010,TR_TasiyiciSistem,EN_StructuralSystem,TEXT,TR-YAPI BİLGİLERİ,Betonarme/Çelik/Ahşap/Yığma,Reinforced concrete / Steel / Timber / Masonry,EN-BUILDING INFO
f1a00002-0001-0001-0001-000000000011,TR_DuvarMalzemesi,EN_WallMaterial,TEXT,TR-YAPI BİLGİLERİ,Dış duvar malzemesi,Exterior wall material,EN-BUILDING INFO
f1a00002-0001-0001-0001-000000000012,TR_CatiSistemi,EN_RoofSystem,TEXT,TR-YAPI BİLGİLERİ,Çatı sistemi tipi,Roof system type,EN-BUILDING INFO
f1a00002-0001-0001-0001-000000000013,TR_IsletimSertifikasi,EN_OccupancyCertificate,TEXT,TR-YAPI BİLGİLERİ,Bina kullanım sertifikası no,Building occupancy permit number,EN-BUILDING INFO
f1a00003-0001-0001-0001-000000000001,TR_YangBinaYuksKat,EN_FireBuildingHeightClass,TEXT,TR-YANGIN GÜVENLİĞİ (BYKHY 2019),Bina yükseklik sınıfı (BYKHY),Building height class (BYKHY),EN-FIRE SAFETY (BFRR 2019)
f1a00003-0001-0001-0001-000000000002,TR_YangKullanimSinifi,EN_FireOccupancyClass,TEXT,TR-YANGIN GÜVENLİĞİ (BYKHY 2019),Kullanım sınıfı (A1-G),Occupancy class (A1-G),EN-FIRE SAFETY (BFRR 2019)
f1a00003-0001-0001-0001-000000000003,TR_YangTehlikeSinifi,EN_FireHazardClass,TEXT,TR-YANGIN GÜVENLİĞİ (BYKHY 2019),Yangın tehlike sınıfı,Fire hazard class,EN-FIRE SAFETY (BFRR 2019)
f1a00003-0001-0001-0001-000000000004,TR_YangYapiMalSinifi,EN_FireBuildingMaterialFireClass,TEXT,TR-YANGIN GÜVENLİĞİ (BYKHY 2019),Yapı malz. yangın sınıfı (A1-F/s/d),Building material fire class (A1-F/s/d),EN-FIRE SAFETY (BFRR 2019)
f1a00003-0001-0001-0001-000000000005,TR_YangKacinmaYolu,EN_FireMeansOfEscape,TEXT,TR-YANGIN GÜVENLİĞİ (BYKHY 2019),Kaçınma yolu tipi ve sayısı,Escape route type and count,EN-FIRE SAFETY (BFRR 2019)
f1a00003-0001-0001-0001-000000000006,TR_YangKacisKorMesafe,EN_FireEscapeDistance,LENGTH,TR-YANGIN GÜVENLİĞİ (BYKHY 2019),Maks. kaçış mesafesi (m),Maximum escape distance (m),EN-FIRE SAFETY (BFRR 2019)
f1a00003-0001-0001-0001-000000000007,TR_YangMerdiven,EN_FireStair,TEXT,TR-YANGIN GÜVENLİĞİ (BYKHY 2019),Yangın merdiveni tipi,Fire escape stair type,EN-FIRE SAFETY (BFRR 2019)
f1a00003-0001-0001-0001-000000000008,TR_YangMerdivenGenislik,EN_FireStairWidth,LENGTH,TR-YANGIN GÜVENLİĞİ (BYKHY 2019),Merdiven genişliği (m),Stair width (m),EN-FIRE SAFETY (BFRR 2019)
f1a00003-0001-0001-0001-000000000009,TR_YangDuvarDirenc,EN_FireWallResistance,TEXT,TR-YANGIN GÜVENLİĞİ (BYKHY 2019),Duvar direnç süresi (REI-xx),Wall fire resistance duration (REI-xx),EN-FIRE SAFETY (BFRR 2019)
f1a00003-0001-0001-0001-000000000010,TR_YangKapiSinifi,EN_FireDoorFireClass,TEXT,TR-YANGIN GÜVENLİĞİ (BYKHY 2019),Yangın kapısı sınıfı (EI30/EI60/EI90),Fire door class (EI30/EI60/EI90),EN-FIRE SAFETY (BFRR 2019)
f1a00003-0001-0001-0001-000000000011,TR_YangSprinklerVarMi,EN_FireHasSprinkler,YESNO,TR-YANGIN GÜVENLİĞİ (BYKHY 2019),Sprinkler sistemi var mı?,Is there a sprinkler system?,EN-FIRE SAFETY (BFRR 2019)
f1a00003-0001-0001-0001-000000000012,TR_YangSprinklerTipi,EN_FireSprinklerType,TEXT,TR-YANGIN GÜVENLİĞİ (BYKHY 2019),Sprinkler sistemi tipi,Sprinkler system type,EN-FIRE SAFETY (BFRR 2019)
f1a00003-0001-0001-0001-000000000013,TR_YangDumTasBarieri,EN_FireSmokeBarrier,YESNO,TR-YANGIN GÜVENLİĞİ (BYKHY 2019),Duman taşıma bariyeri var mı?,Is there a smoke barrier?,EN-FIRE SAFETY (BFRR 2019)
f1a00003-0001-0001-0001-000000000014,TR_YangDumKontrolSis,EN_FireSmokeControlSystem,TEXT,TR-YANGIN GÜVENLİĞİ (BYKHY 2019),Duman kontrol sistemi tipi,Smoke control system type,EN-FIRE SAFETY (BFRR 2019)
f1a00003-0001-0001-0001-000000000015,TR_YangIhbarSistemi,EN_FireFireAlarmSystem,TEXT,TR-YANGIN GÜVENLİĞİ (BYKHY 2019),Yangın ihbar sistemi tipi,Fire alarm system type,EN-FIRE SAFETY (BFRR 2019)
f1a00003-0001-0001-0001-000000000016,TR_YangHidrantVarMi,EN_FireHasHydrant,YESNO,TR-YANGIN GÜVENLİĞİ (BYKHY 2019),Yangın hidrantı var mı?,Is there a fire hydrant?,EN-FIRE SAFETY (BFRR 2019)
f1a00003-0001-0001-0001-000000000017,TR_YangSigortaZonNo,EN_FireFireZoneNumber,TEXT,TR-YANGIN GÜVENLİĞİ (BYKHY 2019),Yangın güvenlik zonu no,Fire safety zone number,EN-FIRE SAFETY (BFRR 2019)
f1a00003-0001-0001-0001-000000000018,TR_YangAcilIsikVarMi,EN_FireHasEmergencyLighting,YESNO,TR-YANGIN GÜVENLİĞİ (BYKHY 2019),Acil durum aydınlatma var mı?,Is there emergency lighting?,EN-FIRE SAFETY (BFRR 2019)
f1a00003-0001-0001-0001-000000000019,TR_YangYonlendirmeVarMi,EN_FireHasExitSignage,YESNO,TR-YANGIN GÜVENLİĞİ (BYKHY 2019),Acil durum yönlendirme var mı?,Is there emergency wayfinding signage?,EN-FIRE SAFETY (BFRR 2019)
f1a00003-0001-0001-0001-000000000020,TR_YangSiginmaAlani,EN_FireRefugeArea,AREA,TR-YANGIN GÜVENLİĞİ (BYKHY 2019),Yangın sığınma alanı (m2),Fire refuge area (m2),EN-FIRE SAFETY (BFRR 2019)
f1a00004-0001-0001-0001-000000000001,TR_DepremBolgesi,EN_SeismicZone,TEXT,TR-DEPREM (TBDY 2018),Deprem bölgesi DD-1/DD-2/DD-3/DD-4,Seismic zone DD-1/DD-2/DD-3/DD-4,EN-EARTHQUAKE (BSDC 2018)
f1a00004-0001-0001-0001-000000000002,TR_DepremYerTipi,EN_SeismicSiteClass,TEXT,TR-DEPREM (TBDY 2018),Zemin tipi ZA/ZB/ZC/ZD/ZE/ZF,Soil class ZA/ZB/ZC/ZD/ZE/ZF,EN-EARTHQUAKE (BSDC 2018)
f1a00004-0001-0001-0001-000000000003,TR_DepremBinaDPS,EN_SeismicBuildingPerformanceLevel,TEXT,TR-DEPREM (TBDY 2018),Deprem performans seviyesi (BKS-1/2/3),Seismic performance level (BKS-1/2/3),EN-EARTHQUAKE (BSDC 2018)
f1a00004-0001-0001-0001-000000000004,TR_DepremKullanim,EN_SeismicUse,TEXT,TR-DEPREM (TBDY 2018),Kullanım sınıfı KKS-1/KKS-2/KKS-3,Usage class KKS-1/KKS-2/KKS-3,EN-EARTHQUAKE (BSDC 2018)
f1a00004-0001-0001-0001-000000000005,TR_DepremTasiyiciSis,EN_SeismicStructuralSystem,TEXT,TR-DEPREM (TBDY 2018),Depreme dayanıklı taşıyıcı sistem tipi,Seismic force-resisting structural system type,EN-EARTHQUAKE (BSDC 2018)
f1a00004-0001-0001-0001-000000000006,TR_DepremPerdeSistem,EN_SeismicShearWallSystem,TEXT,TR-DEPREM (TBDY 2018),Perde duvar sistemi,Shear wall system,EN-EARTHQUAKE (BSDC 2018)
f1a00004-0001-0001-0001-000000000007,TR_DepremSismikAnaliz,EN_SeismicAnalysisMethod,TEXT,TR-DEPREM (TBDY 2018),Sismik analiz yöntemi,Seismic analysis method,EN-EARTHQUAKE (BSDC 2018)
f1a00004-0001-0001-0001-000000000008,TR_DepremSs,EN_SeismicSs,NUMBER,TR-DEPREM (TBDY 2018),Kısa periyot spektral ivme Ss (g),Short-period spectral acceleration Ss (g),EN-EARTHQUAKE (BSDC 2018)
f1a00004-0001-0001-0001-000000000009,TR_DepremS1,EN_SeismicS1,NUMBER,TR-DEPREM (TBDY 2018),1 sn periyot spektral ivme S1 (g),1-second period spectral acceleration S1 (g),EN-EARTHQUAKE (BSDC 2018)
f1a00004-0001-0001-0001-000000000010,TR_DepremPGA,EN_SeismicPGA,NUMBER,TR-DEPREM (TBDY 2018),PGA (g) tepe zemin ivmesi,Peak ground acceleration PGA (g),EN-EARTHQUAKE (BSDC 2018)
f1a00004-0001-0001-0001-000000000011,TR_DepremGuclenDurumu,EN_SeismicRetrofitStatus,TEXT,TR-DEPREM (TBDY 2018),Güçlendirme durumu,Strengthening status,EN-EARTHQUAKE (BSDC 2018)
f1a00004-0001-0001-0001-000000000012,TR_DepremIzolasyonVarMi,EN_SeismicHasBaseIsolation,YESNO,TR-DEPREM (TBDY 2018),Sismik izolasyon var mı?,Is there seismic isolation?,EN-EARTHQUAKE (BSDC 2018)
f1a00005-0001-0001-0001-000000000001,TR_EngRampaVarMi,EN_AccessibleHasRamp,YESNO,TR-ERİŞİLEBİLİRLİK (TS 9111),Engelli rampası var mı? (TS 9111),Is there an accessible ramp? (TS 9111),EN-ACCESSIBILITY (TS 9111)
f1a00005-0001-0001-0001-000000000002,TR_EngRampaEgimi,EN_AccessibleRampSlope,NUMBER,TR-ERİŞİLEBİLİRLİK (TS 9111),Rampa eğimi maks. (%) TS 9111,Maximum ramp slope (%) TS 9111,EN-ACCESSIBILITY (TS 9111)
f1a00005-0001-0001-0001-000000000003,TR_EngAsansorVarMi,EN_AccessibleHasLift,YESNO,TR-ERİŞİLEBİLİRLİK (TS 9111),Engelli asansörü var mı?,Is there an accessible elevator?,EN-ACCESSIBILITY (TS 9111)
f1a00005-0001-0001-0001-000000000004,TR_EngWCVarMi,EN_AccessibleHasWC,YESNO,TR-ERİŞİLEBİLİRLİK (TS 9111),Engelli WC var mı?,Is there an accessible WC?,EN-ACCESSIBILITY (TS 9111)
f1a00005-0001-0001-0001-000000000005,TR_EngOtoparkVarMi,EN_AccessibleHasParking,YESNO,TR-ERİŞİLEBİLİRLİK (TS 9111),Engelli otoparkı var mı?,Is there an accessible parking space?,EN-ACCESSIBILITY (TS 9111)
f1a00005-0001-0001-0001-000000000006,TR_EngKapiGenislik,EN_AccessibleDoorWidth,LENGTH,TR-ERİŞİLEBİLİRLİK (TS 9111),Engelli kapı genişliği min. 90 cm,Accessible door clear width min. 90 cm,EN-ACCESSIBILITY (TS 9111)
f1a00005-0001-0001-0001-000000000007,TR_EngHissedilebilirYuzey,EN_AccessibleTactileSurface,YESNO,TR-ERİŞİLEBİLİRLİK (TS 9111),Hissedilebilir yüzey var mı?,Is there a tactile paving surface?,EN-ACCESSIBILITY (TS 9111)
f1a00005-0001-0001-0001-000000000008,TR_EngBrailleTabela,EN_AccessibleBrailleSignage,YESNO,TR-ERİŞİLEBİLİRLİK (TS 9111),Braille/sesli tabelalar var mı?,Are there Braille / audio signage?,EN-ACCESSIBILITY (TS 9111)
f1a00005-0001-0001-0001-000000000009,TR_EngSertifikaDurumu,EN_AccessibleCertificateStatus,TEXT,TR-ERİŞİLEBİLİRLİK (TS 9111),TS 9111 uygunluk belgesi durumu,TS 9111 compliance certificate status,EN-ACCESSIBILITY (TS 9111)
f1a00005-0001-0001-0001-000000000010,TR_EngGecisGenislikKoridor,EN_AccessibleClearWidthCorridor,LENGTH,TR-ERİŞİLEBİLİRLİK (TS 9111),Koridor serbest geçiş genişliği (m),Corridor clear passage width (m),EN-ACCESSIBILITY (TS 9111)
f1a00006-0001-0001-0001-000000000001,TR_EnerjiSinifi,EN_EnergyClass,TEXT,TR-ENERJİ VERİMLİLİĞİ (BEP-TR),Bina enerji sınıfı A+/A/B/C/D/E/F/G (BEP-TR),Building energy class A+/A/B/C/D/E/F/G (BEP-TR),EN-ENERGY EFFICIENCY (BEP-TR)
f1a00006-0001-0001-0001-000000000002,TR_IklimBolgesi,EN_ClimateZone,TEXT,TR-ENERJİ VERİMLİLİĞİ (BEP-TR),İklim bölgesi 1-4 (TS 825),Climate zone 1-4 (TS 825),EN-ENERGY EFFICIENCY (BEP-TR)
f1a00006-0001-0001-0001-000000000004,TR_CercevePencereUw,EN_FrameWindowUw,NUMBER,TR-ENERJİ VERİMLİLİĞİ (BEP-TR),Pencere Uw değeri (W/m2K),Window Uw value (W/m2K),EN-ENERGY EFFICIENCY (BEP-TR)
f1a00006-0001-0001-0001-000000000006,TR_ZeminKatUDegeri,EN_GroundFloorUValue,NUMBER,TR-ENERJİ VERİMLİLİĞİ (BEP-TR),Zemin kat döşemesi U değeri (W/m2K),Ground floor slab U-value (W/m2K),EN-ENERGY EFFICIENCY (BEP-TR)
f1a00006-0001-0001-0001-000000000007,TR_IsitmaSistemi,EN_HeatingSystem,TEXT,TR-ENERJİ VERİMLİLİĞİ (BEP-TR),Isıtma sistemi tipi,Heating system type,EN-ENERGY EFFICIENCY (BEP-TR)
f1a00006-0001-0001-0001-000000000008,TR_SogutmaSistemi,EN_CoolingSystem,TEXT,TR-ENERJİ VERİMLİLİĞİ (BEP-TR),Soğutma sistemi tipi,Cooling system type,EN-ENERGY EFFICIENCY (BEP-TR)
f1a00006-0001-0001-0001-000000000009,TR_HavalandirmaSistemi,EN_VentilationSystem,TEXT,TR-ENERJİ VERİMLİLİĞİ (BEP-TR),Havalandırma sistemi tipi,Ventilation system type,EN-ENERGY EFFICIENCY (BEP-TR)
f1a00006-0001-0001-0001-000000000010,TR_YenilenebilirEnerji,EN_RenewableEnergy,TEXT,TR-ENERJİ VERİMLİLİĞİ (BEP-TR),Yenilenebilir enerji sistemi (GES/RES vb),Renewable energy system (solar PV / wind etc.),EN-ENERGY EFFICIENCY (BEP-TR)
f1a00006-0001-0001-0001-000000000011,TR_PrimaryEnerjiTuketim,EN_PrimaryEnergyConsumption,NUMBER,TR-ENERJİ VERİMLİLİĞİ (BEP-TR),Birincil enerji tüketimi (kWh/m2.yıl),Primary energy consumption (kWh/m2.year),EN-ENERGY EFFICIENCY (BEP-TR)
f1a00006-0001-0001-0001-000000000012,TR_CO2Emisyon,EN_CO2Emission,NUMBER,TR-ENERJİ VERİMLİLİĞİ (BEP-TR),CO2 emisyon değeri (kg/m2.yıl),CO2 emission value (kg/m2.year),EN-ENERGY EFFICIENCY (BEP-TR)
f1a00006-0001-0001-0001-000000000013,TR_BepTrRaporNo,EN_BEPTRReportNumber,TEXT,TR-ENERJİ VERİMLİLİĞİ (BEP-TR),BEP-TR hesap raporu referans no,BEP-TR calculation report reference number,EN-ENERGY EFFICIENCY (BEP-TR)
f1a00006-0001-0001-0001-000000000003,TR_DuvarUDegeri,EN_WallUValue,NUMBER,TR-ENERJİ VERİMLİLİĞİ (BEP-TR),Dış duvar U değeri (W/m2K),U value (W/m2K),EN-ENERGY EFFICIENCY (BEP-TR)
f1a00006-0001-0001-0001-000000000005,TR_CatiUDegeri,EN_RoofUValue,NUMBER,TR-ENERJİ VERİMLİLİĞİ (BEP-TR),Çatı/teras U değeri (W/m2K),U value (W/m2K),EN-ENERGY EFFICIENCY (BEP-TR)
f1a00007-0001-0001-0001-000000000001,TR_PozNo,EN_ItemNumber,TEXT,TR-ÇŞB POZ NO VE METRAJ,ÇŞB/YİGM poz numarası,MoEUA / YIGM unit price item number,EN-MOEU UNIT PRICE & QTO
f1a00007-0001-0001-0001-000000000002,TR_PozAdi,EN_ItemName,TEXT,TR-ÇŞB POZ NO VE METRAJ,Poz adı (birim fiyat kitabına göre),Unit price item name (per price schedule),EN-MOEU UNIT PRICE & QTO
f1a00007-0001-0001-0001-000000000003,TR_PozBirim,EN_ItemUnit,TEXT,TR-ÇŞB POZ NO VE METRAJ,"Birim (m, m2, m3, adet, ton vb)","Unit (m, m2, m3, pcs, ton etc.)",EN-MOEU UNIT PRICE & QTO
f1a00007-0001-0001-0001-000000000004,TR_PozMiktar,EN_ItemQuantity,NUMBER,TR-ÇŞB POZ NO VE METRAJ,Miktar (hesaplanan),Quantity (calculated),EN-MOEU UNIT PRICE & QTO
f1a00007-0001-0001-0001-000000000005,TR_PozBirimFiyat,EN_ItemUnitPrice,CURRENCY,TR-ÇŞB POZ NO VE METRAJ,Birim fiyat (TL),Unit price (TRY),EN-MOEU UNIT PRICE & QTO
f1a00007-0001-0001-0001-000000000006,TR_PozToplamTutar,EN_ItemTotalAmount,CURRENCY,TR-ÇŞB POZ NO VE METRAJ,Toplam tutar (TL),Total amount (TRY),EN-MOEU UNIT PRICE & QTO
f1a00007-0001-0001-0001-000000000007,TR_PozMahalNo,EN_ItemRoomNumber,TEXT,TR-ÇŞB POZ NO VE METRAJ,Mahal / bölge numarası,Room / zone number,EN-MOEU UNIT PRICE & QTO
f1a00007-0001-0001-0001-000000000008,TR_PozImalatTuru,EN_ItemWorkType,TEXT,TR-ÇŞB POZ NO VE METRAJ,İmalat türü (Kaba/İnce/Tesisat/Elektrik),Work type (Structural / Finishing / Mechanical / Electrical),EN-MOEU UNIT PRICE & QTO
f1a00007-0001-0001-0001-000000000009,TR_PozDahilMi,EN_ItemIncluded,YESNO,TR-ÇŞB POZ NO VE METRAJ,Metraj programına dahil mi?,Included in quantity take-off schedule?,EN-MOEU UNIT PRICE & QTO
f1a00007-0001-0001-0001-000000000010,TR_PozNot,EN_ItemNote,TEXT,TR-ÇŞB POZ NO VE METRAJ,Poz açıklama notu,Unit price item description note,EN-MOEU UNIT PRICE & QTO
f1a00008-0001-0001-0001-000000000001,TR_YapDenetFirmasi,EN_BuildingInspectionCompany,TEXT,TR-YAPI DENETİM,Yapı denetim kuruluşu adı,Building inspection organization name,EN-BUILDING INSPECTION
f1a00008-0001-0001-0001-000000000002,TR_YapDenetFirmaYetNo,EN_BuildingInspectionAuthorizationNumber,TEXT,TR-YAPI DENETİM,Yapı denetim yetki belgesi no,Building inspection authorization certificate number,EN-BUILDING INSPECTION
f1a00008-0001-0001-0001-000000000003,TR_RuhsatNo,EN_PermitNumber,TEXT,TR-YAPI DENETİM,Yapı ruhsatı numarası,Building permit number,EN-BUILDING INSPECTION
f1a00008-0001-0001-0001-000000000004,TR_RuhsatTarihi,EN_PermitDate,TEXT,TR-YAPI DENETİM,Yapı ruhsatı tarihi,Building permit date,EN-BUILDING INSPECTION
f1a00008-0001-0001-0001-000000000005,TR_MuteahhitUnvani,EN_ContractorTitle,TEXT,TR-YAPI DENETİM,Müteahhit firma ünvanı,Contractor company title,EN-BUILDING INSPECTION
f1a00008-0001-0001-0001-000000000006,TR_MuteahhitYKN,EN_ContractorBuildingIdentityNumber,TEXT,TR-YAPI DENETİM,Müteahhit YKN (Yapı Kimlik No),Contractor YKN (Building Identity Number),EN-BUILDING INSPECTION
f1a00008-0001-0001-0001-000000000007,TR_IsverenVergiNo,EN_EmployerTaxNumber,TEXT,TR-YAPI DENETİM,İşveren vergi / TC kimlik no,Employer tax ID / national ID number,EN-BUILDING INSPECTION
f1a00008-0001-0001-0001-000000000008,TR_YapiSeviyesi,EN_BuildingLevel,TEXT,TR-YAPI DENETİM,Yapı seviyesi: Temel/Kaba/İnce/Teslim,Construction stage: Foundation / Structural / Finishing / Handover,EN-BUILDING INSPECTION
f1a00009-0001-0001-0001-000000000001,TR_IlIlce,EN_ProvinceDistrict,TEXT,TR-İMAR BİLGİLERİ,İl / İlçe adı,Province / district name,EN-ZONING INFO
f1a00009-0001-0001-0001-000000000002,TR_AdaNo,EN_BlockNumber,TEXT,TR-İMAR BİLGİLERİ,Ada numarası,Block (ada) number,EN-ZONING INFO
f1a00009-0001-0001-0001-000000000003,TR_ParselNo,EN_ParcelNumber,TEXT,TR-İMAR BİLGİLERİ,Parsel numarası,Parcel number,EN-ZONING INFO
f1a00009-0001-0001-0001-000000000004,TR_TAKS,EN_TAKS,NUMBER,TR-İMAR BİLGİLERİ,Taban alanı kat sayısı TAKS,Ground coverage ratio TAKS,EN-ZONING INFO
f1a00009-0001-0001-0001-000000000005,TR_KAKS,EN_KAKS,NUMBER,TR-İMAR BİLGİLERİ,Kat alanı kat sayısı KAKS (EMSAL),Floor area ratio KAKS (FAR / EMSAL),EN-ZONING INFO
f1a00009-0001-0001-0001-000000000006,TR_MaxYukseklik,EN_MaximumHeight,LENGTH,TR-İMAR BİLGİLERİ,İmar maks. bina yüksekliği (m),Zoning maximum building height (m),EN-ZONING INFO
f1a00009-0001-0001-0001-000000000007,TR_OnCekmeMesafesi,EN_FrontSetbackDistance,LENGTH,TR-İMAR BİLGİLERİ,Ön cephe çekme mesafesi (m),Front setback distance (m),EN-ZONING INFO
f1a00009-0001-0001-0001-000000000008,TR_YanCekmeMesafesi,EN_SideSetbackDistance,LENGTH,TR-İMAR BİLGİLERİ,Yan cephe çekme mesafesi (m),Side setback distance (m),EN-ZONING INFO
f1a00009-0001-0001-0001-000000000009,TR_ArkaKcekmeMesafesi,EN_RearSetbackDistance,LENGTH,TR-İMAR BİLGİLERİ,Arka cephe çekme mesafesi (m),Rear setback distance (m),EN-ZONING INFO
f1a00009-0001-0001-0001-000000000010,TR_ImarDurumu,EN_ZoningStatus,TEXT,TR-İMAR BİLGİLERİ,İmar durumu belgesi no,Zoning status certificate number,EN-ZONING INFO
f1a00010-0001-0001-0001-000000000001,TR_LODSeviyesi,EN_LODLevel,TEXT,TR-BIM YÖNETİM,LOD seviyesi (100/200/300/350/400/500),LOD level (100/200/300/350/400/500),EN-BIM MANAGEMENT
f1a00010-0001-0001-0001-000000000002,TR_LOISeviyesi,EN_LOILevel,TEXT,TR-BIM YÖNETİM,LOI seviyesi (bilgi detay seviyesi),LOI level (information detail level),EN-BIM MANAGEMENT
f1a00010-0001-0001-0001-000000000003,TR_Disiplin,EN_Discipline,TEXT,TR-BIM YÖNETİM,Disiplin kodu (MIM/INS/MEK/ELK/YAN),Discipline code (ARCH / STRUCT / MECH / ELEC / FIRE),EN-BIM MANAGEMENT
f1a00010-0001-0001-0001-000000000004,TR_IFCSurumu,EN_IFCVersion,TEXT,TR-BIM YÖNETİM,IFC sürümü (IFC2x3/IFC4/IFC4.3),IFC version (IFC2x3 / IFC4 / IFC4.3),EN-BIM MANAGEMENT
f1a00010-0001-0001-0001-000000000005,TR_KoordinatSistemi,EN_CoordinateSystem,TEXT,TR-BIM YÖNETİM,Koordinat sistemi (ITRF96 Türkiye),Coordinate system (ITRF96 Turkey),EN-BIM MANAGEMENT
f1a00010-0001-0001-0001-000000000006,TR_ModelDurumu,EN_ModelStatus,TEXT,TR-BIM YÖNETİM,Model durum kodu S0/S1/S2/S3/S4,Model status code S0/S1/S2/S3/S4,EN-BIM MANAGEMENT
f1a00010-0001-0001-0001-000000000007,TR_OlusturmaTarihi,EN_CreationDate,TEXT,TR-BIM YÖNETİM,Model oluşturma tarihi (YYYY-AA-GG),Model creation date (YYYY-MM-DD),EN-BIM MANAGEMENT
f1a00010-0001-0001-0001-000000000008,TR_SonGuncellemeTarihi,EN_LastUpdateDate,TEXT,TR-BIM YÖNETİM,Son güncelleme tarihi,Last update date,EN-BIM MANAGEMENT
f1a00010-0001-0001-0001-000000000009,TR_ModelSorumlusu,EN_ModelManager,TEXT,TR-BIM YÖNETİM,BIM model sorumlusu adı,BIM model manager name,EN-BIM MANAGEMENT
f1a00010-0001-0001-0001-000000000010,TR_FazBilgisi,EN_PhaseInformation,TEXT,TR-BIM YÖNETİM,Proje fazı (Var/Yıkılacak/Yeni İnşaat),Project phase (Existing / To be demolished / New construction),EN-BIM MANAGEMENT
bbda443e-3dfc-42e5-9f7a-3f2471698419,bSTR_Grup,EN_bSTRGroupCode,TEXT,TR-BIM YÖNETİM,bSTR grup kodu (Bakanlık CADD standardı),bSTR group code (Ministry CADD standard),EN-BIM MANAGEMENT
13d32f6d-c04e-4a08-be87-0c973cc83395,bSTR_LOD,EN_bSTRLodLevel,TEXT,TR-BIM YÖNETİM,bSTR LOD seviyesi,bSTR LOD level,EN-BIM MANAGEMENT
455c437a-504a-446b-8e6f-fcdaa4b571af,bSTR_Disiplin,EN_bSTRDisciplineCode,TEXT,TR-BIM YÖNETİM,bSTR disiplin kodu,bSTR discipline code,EN-BIM MANAGEMENT
682ef099-1ca6-4c4a-b585-714bfafb42b5,bSTR_Kod,EN_bSTRElementCode,TEXT,TR-BIM YÖNETİM,"bSTR eleman kodu (örn: S-BET-09, M-DUV-01)","bSTR element code (e.g. S-BET-09, M-DUV-01)",EN-BIM MANAGEMENT
5107f9bb-d1b8-49f5-a1c8-ad697da2476f,bSTR_Eleman,EN_bSTRElementName,TEXT,TR-BIM YÖNETİM,bSTR eleman adı,bSTR element name,EN-BIM MANAGEMENT
f1a00011-0001-0001-0001-000000000001,TR_DuvarTipi,EN_WallType,TEXT,TR-DUVAR ÖZELLİKLERİ,Duvar tipi: Dış/İç/Yangın/Strüktürel,Wall type: External / Internal / Fire / Structural,EN-WALL PROPERTIES
f1a00011-0001-0001-0001-000000000002,TR_DuvarKalinligi,EN_WallThickness,LENGTH,TR-DUVAR ÖZELLİKLERİ,Duvar toplam kalınlığı (mm),Total wall thickness (mm),EN-WALL PROPERTIES
f1a00011-0001-0001-0001-000000000003,TR_DuvarYapimTuru,EN_WallConstructionType,TEXT,TR-DUVAR ÖZELLİKLERİ,Yapım türü: Tuğla/YTong/Beton/Çelik vb,Construction type: Brick / Ytong / Concrete / Steel etc.,EN-WALL PROPERTIES
f1a00011-0001-0001-0001-000000000004,TR_DuvarYalitimTipi,EN_WallInsulationType,TEXT,TR-DUVAR ÖZELLİKLERİ,Isı yalıtım tipi ve kalınlığı,Thermal insulation type and thickness,EN-WALL PROPERTIES
f1a00011-0001-0001-0001-000000000005,TR_DuvarREI,EN_WallREI,TEXT,TR-DUVAR ÖZELLİKLERİ,Yangın direnç sınıfı REI-30/60/90/120,Fire resistance class REI-30/60/90/120,EN-WALL PROPERTIES
f1a00011-0001-0001-0001-000000000006,TR_DuvarSesYalitim,EN_WallAcousticInsulation,NUMBER,TR-DUVAR ÖZELLİKLERİ,Ses yalıtım değeri Rw (dB),Sound insulation value Rw (dB),EN-WALL PROPERTIES
f1a00011-0001-0001-0001-000000000007,TR_DuvarUDegeri,EN_WallUValue,NUMBER,TR-DUVAR ÖZELLİKLERİ,U değeri (W/m2K),U value (W/m2K),EN-WALL PROPERTIES
f1a00011-0001-0001-0001-000000000008,TR_DuvarDisKaplama,EN_WallExteriorCladding,TEXT,TR-DUVAR ÖZELLİKLERİ,Dış kaplama malzemesi,External cladding material,EN-WALL PROPERTIES
f1a00011-0001-0001-0001-000000000009,TR_DuvarIcKaplama,EN_WallInteriorCladding,TEXT,TR-DUVAR ÖZELLİKLERİ,İç kaplama malzemesi,Internal cladding material,EN-WALL PROPERTIES
f1a00011-0001-0001-0001-000000000010,TR_DuvarPozNo,EN_WallItemNumber,TEXT,TR-DUVAR ÖZELLİKLERİ,ÇŞB poz numarası,MoEUA unit price item number,EN-WALL PROPERTIES
f1a00012-0001-0001-0001-000000000001,TR_KapiTipi,EN_DoorType,TEXT,TR-KAPI ÖZELLİKLERİ,Kapı tipi: Ahşap/Çelik/Alüm/Cam/PVC,Door type: Timber / Steel / Aluminium / Glass / PVC,EN-DOOR PROPERTIES
f1a00012-0001-0001-0001-000000000002,TR_KapiGenislik,EN_DoorWidth,LENGTH,TR-KAPI ÖZELLİKLERİ,Kapı serbest geçiş genişliği (mm),Door clear passage width (mm),EN-DOOR PROPERTIES
f1a00012-0001-0001-0001-000000000003,TR_KapiYukseklik,EN_DoorHeight,LENGTH,TR-KAPI ÖZELLİKLERİ,Kapı yüksekliği (mm),Door height (mm),EN-DOOR PROPERTIES
f1a00012-0001-0001-0001-000000000004,TR_KapiYangınSinifi,EN_DoorFireClass,TEXT,TR-KAPI ÖZELLİKLERİ,Yangın sınıfı: EI30/EI60/EI90/EI120,Fire class: EI30/EI60/EI90/EI120,EN-DOOR PROPERTIES
f1a00012-0001-0001-0001-000000000005,TR_KapiEngelli,EN_DoorAccessible,YESNO,TR-KAPI ÖZELLİKLERİ,Engelliye uygun kapı mı? (TS 9111),Is it an accessible door? (TS 9111),EN-DOOR PROPERTIES
f1a00012-0001-0001-0001-000000000006,TR_KapiPanikBar,EN_DoorPanicBar,YESNO,TR-KAPI ÖZELLİKLERİ,Panik bar var mı?,Is there a panic bar?,EN-DOOR PROPERTIES
f1a00012-0001-0001-0001-000000000007,TR_KapiAcilisYonu,EN_DoorOpeningDirection,TEXT,TR-KAPI ÖZELLİKLERİ,Açılış yönü: İçe/Dışa/Sürgülü/Döner,Opening direction: Inward / Outward / Sliding / Revolving,EN-DOOR PROPERTIES
f1a00012-0001-0001-0001-000000000008,TR_KapiKilitTipi,EN_DoorLockType,TEXT,TR-KAPI ÖZELLİKLERİ,Kilit tipi ve aksesuar bilgisi,Lock type and hardware information,EN-DOOR PROPERTIES
f1a00012-0001-0001-0001-000000000009,TR_KapiUretici,EN_DoorManufacturer,TEXT,TR-KAPI ÖZELLİKLERİ,Üretici firma ve ürün kodu,Manufacturer company and product code,EN-DOOR PROPERTIES
f1a00012-0001-0001-0001-000000000010,TR_KapiPozNo,EN_DoorItemNumber,TEXT,TR-KAPI ÖZELLİKLERİ,ÇŞB poz numarası,MoEUA unit price item number,EN-DOOR PROPERTIES
f1a00012-0001-0001-0001-000000000011,TR_KapiUDegeri,EN_DoorUValue,NUMBER,TR-KAPI ÖZELLİKLERİ,Kapı Ud değeri (W/m2K),Door Ud value (W/m2K),EN-DOOR PROPERTIES
f1a00012-0001-0001-0001-000000000012,TR_KapiSesYalitim,EN_DoorAcousticInsulation,NUMBER,TR-KAPI ÖZELLİKLERİ,Ses yalıtım değeri Rw (dB),Sound insulation value Rw (dB),EN-DOOR PROPERTIES
f1a00013-0001-0001-0001-000000000001,TR_PencereTipi,EN_WindowType,TEXT,TR-PENCERE ÖZELLİKLERİ,Pencere tipi: Alüm/PVC/Ahşap/Cam Giyd,Window type: Aluminium / PVC / Timber / Curtain wall,EN-WINDOW PROPERTIES
f1a00013-0001-0001-0001-000000000002,TR_PencereGenislik,EN_WindowWidth,LENGTH,TR-PENCERE ÖZELLİKLERİ,Pencere genişliği (mm),Window width (mm),EN-WINDOW PROPERTIES
f1a00013-0001-0001-0001-000000000003,TR_PencereYukseklik,EN_WindowHeight,LENGTH,TR-PENCERE ÖZELLİKLERİ,Pencere yüksekliği (mm),Window height (mm),EN-WINDOW PROPERTIES
f1a00013-0001-0001-0001-000000000004,TR_PencereCamTipi,EN_WindowGlassType,TEXT,TR-PENCERE ÖZELLİKLERİ,Cam tipi: Isıcam 4+16+4 vb,Glazing type: Double glazed 4+16+4 etc.,EN-WINDOW PROPERTIES
f1a00013-0001-0001-0001-000000000005,TR_PencereUDegeri,EN_WindowUValue,NUMBER,TR-PENCERE ÖZELLİKLERİ,Uw değeri (W/m2K) TS 825,Uw value (W/m2K) per TS 825,EN-WINDOW PROPERTIES
f1a00013-0001-0001-0001-000000000006,TR_PencereSHGC,EN_WindowSHGC,NUMBER,TR-PENCERE ÖZELLİKLERİ,Güneş ısı kazanım katsayısı SHGC/g,Solar heat gain coefficient SHGC/g,EN-WINDOW PROPERTIES
f1a00013-0001-0001-0001-000000000007,TR_PencereAcilmaTipi,EN_WindowOpeningType,TEXT,TR-PENCERE ÖZELLİKLERİ,Açılma tipi: Sabit/Kanatlı/Sürgülü,Opening type: Fixed / Casement / Sliding,EN-WINDOW PROPERTIES
f1a00013-0001-0001-0001-000000000008,TR_PencereCerceveSistemi,EN_WindowFrameSystem,TEXT,TR-PENCERE ÖZELLİKLERİ,Çerçeve sistemi (60mm/70mm/80mm sistem),Frame system (60mm / 70mm / 80mm profile),EN-WINDOW PROPERTIES
f1a00013-0001-0001-0001-000000000009,TR_PencereSesYalitim,EN_WindowAcousticInsulation,NUMBER,TR-PENCERE ÖZELLİKLERİ,Ses yalıtım değeri Rw (dB),Sound insulation value Rw (dB),EN-WINDOW PROPERTIES
f1a00013-0001-0001-0001-000000000010,TR_PencerePozNo,EN_WindowItemNumber,TEXT,TR-PENCERE ÖZELLİKLERİ,ÇŞB poz numarası,MoEUA unit price item number,EN-WINDOW PROPERTIES
f1a00013-0001-0001-0001-000000000011,TR_PencereUretici,EN_WindowManufacturer,TEXT,TR-PENCERE ÖZELLİKLERİ,Üretici firma ve ürün kodu,Manufacturer company and product code,EN-WINDOW PROPERTIES
f1a00013-0001-0001-0001-000000000012,TR_PencereEmniyet,EN_WindowSafetyGlazing,YESNO,TR-PENCERE ÖZELLİKLERİ,Emniyet camı var mı? (lamine/temperli),Is there safety glazing? (laminated / tempered),EN-WINDOW PROPERTIES
f1a00014-0001-0001-0001-000000000001,TR_DosemeTipi,EN_FloorType,TEXT,TR-DÖŞEME ÖZELLİKLERİ,Döşeme tipi: Betonarme/Kompozit/Ahşap,Floor type: Reinforced concrete / Composite / Timber,EN-FLOOR PROPERTIES
f1a00014-0001-0001-0001-000000000002,TR_DosemeKalinligi,EN_FloorThickness,LENGTH,TR-DÖŞEME ÖZELLİKLERİ,Döşeme toplam kalınlığı (mm),Total floor slab thickness (mm),EN-FLOOR PROPERTIES
f1a00014-0001-0001-0001-000000000003,TR_DosemeKaplama,EN_FloorFinishMaterial,TEXT,TR-DÖŞEME ÖZELLİKLERİ,Kaplama malzemesi: Seramik/Granit/Ahşap,Floor finish material: Ceramic / Granite / Timber,EN-FLOOR PROPERTIES
f1a00014-0001-0001-0001-000000000004,TR_DosemeREI,EN_FloorREI,TEXT,TR-DÖŞEME ÖZELLİKLERİ,Yangın direnç sınıfı REI,Fire resistance class REI,EN-FLOOR PROPERTIES
f1a00014-0001-0001-0001-000000000005,TR_DosemeSuYalitim,EN_FloorWaterproofing,YESNO,TR-DÖŞEME ÖZELLİKLERİ,Su yalıtımı var mı?,Is there waterproofing?,EN-FLOOR PROPERTIES
f1a00014-0001-0001-0001-000000000006,TR_DosemeIsıYalitim,EN_FloorThermalInsulation,TEXT,TR-DÖŞEME ÖZELLİKLERİ,Isı yalıtım tipi ve kalınlığı,Thermal insulation type and thickness,EN-FLOOR PROPERTIES
f1a00014-0001-0001-0001-000000000007,TR_DosemeUDegeri,EN_FloorUValue,NUMBER,TR-DÖŞEME ÖZELLİKLERİ,U değeri (W/m2K),U value (W/m2K),EN-FLOOR PROPERTIES
f1a00014-0001-0001-0001-000000000008,TR_DosemeSesYalitim,EN_FloorAcousticInsulation,NUMBER,TR-DÖŞEME ÖZELLİKLERİ,Ses yalıtım değeri (dB),Sound insulation value (dB),EN-FLOOR PROPERTIES
f1a00014-0001-0001-0001-000000000009,TR_DosemePozNo,EN_FloorItemNumber,TEXT,TR-DÖŞEME ÖZELLİKLERİ,ÇŞB poz numarası,MoEUA unit price item number,EN-FLOOR PROPERTIES
f1a00014-0001-0001-0001-000000000010,TR_DosemeYukKapasitesi,EN_FloorLoadCapacity,NUMBER,TR-DÖŞEME ÖZELLİKLERİ,Tasarım yük kapasitesi (kN/m2),Design load capacity (kN/m2),EN-FLOOR PROPERTIES
f1a00015-0001-0001-0001-000000000001,TR_CatiTipi,EN_RoofType,TEXT,TR-ÇATI ÖZELLİKLERİ,Çatı tipi: Eğimli/Düz/Yeşil/Kombine,Roof type: Pitched / Flat / Green / Combined,EN-ROOF PROPERTIES
f1a00015-0001-0001-0001-000000000002,TR_CatiEgimi,EN_RoofSlope,NUMBER,TR-ÇATI ÖZELLİKLERİ,Çatı eğimi (%),Roof slope (%),EN-ROOF PROPERTIES
f1a00015-0001-0001-0001-000000000003,TR_CatiKaplama,EN_RoofCladding,TEXT,TR-ÇATI ÖZELLİKLERİ,Çatı kaplama malzemesi,Roof cladding material,EN-ROOF PROPERTIES
f1a00015-0001-0001-0001-000000000004,TR_CatiSuYalitim,EN_RoofWaterproofing,TEXT,TR-ÇATI ÖZELLİKLERİ,Su yalıtım sistemi tipi,Waterproofing system type,EN-ROOF PROPERTIES
f1a00015-0001-0001-0001-000000000005,TR_CatiIsıYalitim,EN_RoofThermalInsulation,TEXT,TR-ÇATI ÖZELLİKLERİ,Isı yalıtım tipi ve kalınlığı,Thermal insulation type and thickness,EN-ROOF PROPERTIES
f1a00015-0001-0001-0001-000000000006,TR_CatiUDegeri,EN_RoofUValue,NUMBER,TR-ÇATI ÖZELLİKLERİ,U değeri (W/m2K),U value (W/m2K),EN-ROOF PROPERTIES
f1a00015-0001-0001-0001-000000000007,TR_CatiREI,EN_RoofREI,TEXT,TR-ÇATI ÖZELLİKLERİ,Yangın direnç sınıfı REI,Fire resistance class REI,EN-ROOF PROPERTIES
f1a00015-0001-0001-0001-000000000008,TR_CatiPozNo,EN_RoofItemNumber,TEXT,TR-ÇATI ÖZELLİKLERİ,ÇŞB poz numarası,MoEUA unit price item number,EN-ROOF PROPERTIES
f1a00016-0001-0001-0001-000000000001,TR_TS500_StandartSurum,EN_TS500StandardEdition,TEXT,TR-TS500 GENEL BETONARME,TS 500 sürümü (TS 500:2000+A1:2018),TS 500 edition (TS 500:2000+A1:2018),EN-TS500 GENERAL RC
f1a00016-0001-0001-0001-000000000002,TR_BetonSinifi_Proje,EN_ConcreteClassProject,TEXT,TR-TS500 GENEL BETONARME,Projede kullanılan beton sınıfları (C25/30 vb),Concrete classes used in project (C25/30 etc.),EN-TS500 GENERAL RC
f1a00016-0001-0001-0001-000000000003,TR_DonatiCeligiSinifi_Proje,EN_RebarSteelClassProject,TEXT,TR-TS500 GENEL BETONARME,Donatı çeliği sınıfı (B420C / B500C),Reinforcement steel class (B420C / B500C),EN-TS500 GENERAL RC
f1a00016-0001-0001-0001-000000000004,TR_CevreEtkiSinifi,EN_ExposureClass,TEXT,TR-TS500 GENEL BETONARME,Çevre etki sınıfı (XC1-XC4 / XS / XD / XF),Exposure class (XC1-XC4 / XS / XD / XF),EN-TS500 GENERAL RC
f1a00016-0001-0001-0001-000000000005,TR_YapiTasiyiciSistemSinifi,EN_BuildingStructuralSystemClass,TEXT,TR-TS500 GENEL BETONARME,Taşıyıcı sistem sınıfı (TBDY: BYS-1..8),Structural system class (TBDY: BYS-1..8),EN-TS500 GENERAL RC
f1a00016-0001-0001-0001-000000000006,TR_AnalizYontemi,EN_AnalysisMethod,TEXT,TR-TS500 GENEL BETONARME,Analiz yöntemi (Mod Birlest./Zaman Tanım/İtme),Analysis method (Modal Combination / Time History / Pushover),EN-TS500 GENERAL RC
f1a00016-0001-0001-0001-000000000007,TR_StatikModelVersiyonu,EN_StructuralModelVersion,TEXT,TR-TS500 GENEL BETONARME,Statik model versiyon no (SAP2000/ETABS vb),Structural model version number (SAP2000/ETABS etc.),EN-TS500 GENERAL RC
f1a00016-0001-0001-0001-000000000008,TR_HesapRaporNo,EN_CalculationReportNumber,TEXT,TR-TS500 GENEL BETONARME,Statik hesap raporu belge numarası,Structural calculation report document number,EN-TS500 GENERAL RC
f1a00016-0001-0001-0001-000000000009,TR_RevizyonStatik,EN_StructuralRevision,TEXT,TR-TS500 GENEL BETONARME,Statik revizyon kodu ve tarihi,Structural revision code and date,EN-TS500 GENERAL RC
f1a00017-0001-0001-0001-000000000001,TR_BA_ElemanKodu,EN_RCElementCode,TEXT,TR-TS500 BA ELEMAN ÖZELLİKLERİ,"BA eleman kodu (K01, P01, KR01, D01, T01)","RC element code (C01, B01, SW01, S01, F01)",EN-TS500 RC ELEMENT PROPERTIES
f1a00017-0001-0001-0001-000000000002,TR_BA_ElemanTipi,EN_BAElementType,TEXT,TR-TS500 BA ELEMAN ÖZELLİKLERİ,Kolon / Kiriş / Perde / Döşeme / Temel,Column / Beam / Shear wall / Slab / Foundation,EN-TS500 RC ELEMENT PROPERTIES
f1a00017-0001-0001-0001-000000000003,TR_BA_TasiyiciSistemAltTuru,EN_RCStructuralSubType,TEXT,TR-TS500 BA ELEMAN ÖZELLİKLERİ,Alt tür: Çerçeve/Perde+Çerçeve/Perdeli/Tüp,Sub-type: Frame / Dual / Shear wall / Tube,EN-TS500 RC ELEMENT PROPERTIES
f1a00017-0001-0001-0001-000000000004,TR_BA_BetonSinifi,EN_RCConcreteClass,TEXT,TR-TS500 BA ELEMAN ÖZELLİKLERİ,"Bu elemana ait beton sınıfı (C25/30, C30/37)","Concrete class for this element (C25/30, C30/37)",EN-TS500 RC ELEMENT PROPERTIES
f1a00017-0001-0001-0001-000000000005,TR_BA_DonatiSinifi,EN_RCRebarClass,TEXT,TR-TS500 BA ELEMAN ÖZELLİKLERİ,Donatı sınıfı (B420C / B500C),Reinforcement class (B420C / B500C),EN-TS500 RC ELEMENT PROPERTIES
f1a00017-0001-0001-0001-000000000006,TR_BA_NominalBetonOrtusu,EN_RCNominalCover,LENGTH,TR-TS500 BA ELEMAN ÖZELLİKLERİ,Nominal beton örtüsü (mm) — TS 500 Tablo 3,Nominal concrete cover (mm) per TS 500 Table 3,EN-TS500 RC ELEMENT PROPERTIES
f1a00017-0001-0001-0001-000000000007,TR_BA_KesitGenislik,EN_RCSectionWidth,LENGTH,TR-TS500 BA ELEMAN ÖZELLİKLERİ,Kesit genişliği b (mm),Section width b (mm),EN-TS500 RC ELEMENT PROPERTIES
f1a00017-0001-0001-0001-000000000008,TR_BA_KesitYukseklik,EN_RCSectionHeight,LENGTH,TR-TS500 BA ELEMAN ÖZELLİKLERİ,Kesit yüksekliği h (mm),Section height h (mm),EN-TS500 RC ELEMENT PROPERTIES
f1a00017-0001-0001-0001-000000000009,TR_BA_DosemeKalinligi,EN_RCSlabThickness,LENGTH,TR-TS500 BA ELEMAN ÖZELLİKLERİ,Döşeme kalınlığı (mm),Slab thickness (mm),EN-TS500 RC ELEMENT PROPERTIES
f1a00017-0001-0001-0001-000000000010,TR_BA_PerdeKalinligi,EN_BAShearWallThickness,LENGTH,TR-TS500 BA ELEMAN ÖZELLİKLERİ,Perde duvar kalınlığı (mm) — TBDY min. 200mm,Shear wall thickness (mm) — TBDY min. 200mm,EN-TS500 RC ELEMENT PROPERTIES
f1a00017-0001-0001-0001-000000000011,TR_BA_TemelTipi,EN_RCFoundationType,TEXT,TR-TS500 BA ELEMAN ÖZELLİKLERİ,Temel tipi: Tekil/Sürekli/Radye/Kazık/Kirişli,Foundation type: Isolated / Strip / Raft / Pile / Grillage,EN-TS500 RC ELEMENT PROPERTIES
f1a00017-0001-0001-0001-000000000012,TR_BA_PrecastMi,EN_RCIsPrecast,YESNO,TR-TS500 BA ELEMAN ÖZELLİKLERİ,Prefabrik/precast eleman mi?,Is it a prefabricated / precast element?,EN-TS500 RC ELEMENT PROPERTIES
f1a00017-0001-0001-0001-000000000013,TR_BA_ImalatDurumu,EN_RCConstructionStatus,TEXT,TR-TS500 BA ELEMAN ÖZELLİKLERİ,Planlı / Kalıp / Beton / Tamamlandı,Planned / Formwork / Concreted / Completed,EN-TS500 RC ELEMENT PROPERTIES
f1a00018-0001-0001-0001-000000000001,TR_BA_AnaDonatiUst,EN_RCTopMainRebar,TEXT,TR-TS500 BA DONATILAMA,Üst ana donatı (örn: 4Ø16 / 3Ø20+2Ø16),Top main reinforcement (e.g. 4Ø16 / 3Ø20+2Ø16),EN-TS500 RC REINFORCEMENT
f1a00018-0001-0001-0001-000000000002,TR_BA_AnaDonatiAlt,EN_RCBottomMainRebar,TEXT,TR-TS500 BA DONATILAMA,Alt ana donatı (örn: 3Ø16),Bottom main reinforcement (e.g. 3Ø16),EN-TS500 RC REINFORCEMENT
f1a00018-0001-0001-0001-000000000003,TR_BA_GovdeDonatisi,EN_RCSideFaceRebar,TEXT,TR-TS500 BA DONATILAMA,Gövde donatısı — kirişler için (TS 500 Md.9),Side face reinforcement — for beams (TS 500 Art.9),EN-TS500 RC REINFORCEMENT
f1a00018-0001-0001-0001-000000000004,TR_BA_EtriyeCapi,EN_RCStirrupDiameter,LENGTH,TR-TS500 BA DONATILAMA,Etriye çapı (mm): 8 / 10 / 12,Stirrup diameter (mm): 8 / 10 / 12,EN-TS500 RC REINFORCEMENT
f1a00018-0001-0001-0001-000000000005,TR_BA_EtriyeAraligi,EN_RCStirrupSpacing,LENGTH,TR-TS500 BA DONATILAMA,Etriye aralığı orta bölge (mm),Stirrup spacing in mid-zone (mm),EN-TS500 RC REINFORCEMENT
f1a00018-0001-0001-0001-000000000006,TR_BA_SiklastirmaBolgesiVarMi,EN_RCConfinementZone,YESNO,TR-TS500 BA DONATILAMA,Sıklaştırma bölgesi var mı? (TBDY Bölüm 7),Is there a confinement zone? (TBDY Chapter 7),EN-TS500 RC REINFORCEMENT
f1a00018-0001-0001-0001-000000000007,TR_BA_SiklastirmaAraligi,EN_RCConfinementSpacing,LENGTH,TR-TS500 BA DONATILAMA,Sıklaştırma bölgesi etriye aralığı (mm),Confinement zone stirrup spacing (mm),EN-TS500 RC REINFORCEMENT
f1a00018-0001-0001-0001-000000000008,TR_BA_PilyeVarMi,EN_RCHasBentUpBars,YESNO,TR-TS500 BA DONATILAMA,Pilye donatısı var mı?,Are there bent-up bars?,EN-TS500 RC REINFORCEMENT
f1a00018-0001-0001-0001-000000000009,TR_BA_FilletoVarMi,EN_RCHasCornerBars,YESNO,TR-TS500 BA DONATILAMA,Filleto (köşe) donatısı var mı?,Are there corner / haunch bars?,EN-TS500 RC REINFORCEMENT
f1a00018-0001-0001-0001-000000000010,TR_BA_PasPayiKontrol,EN_RCCoverCheck,YESNO,TR-TS500 BA DONATILAMA,Pas payı TS 500 Tablo 3 kontrolü geçti mi?,Concrete cover passed TS 500 Table 3 check?,EN-TS500 RC REINFORCEMENT
f1a00018-0001-0001-0001-000000000011,TR_BA_AnkrajBoyu,EN_RCAnchorageLength,LENGTH,TR-TS500 BA DONATILAMA,Hesaplanan ankraj boyu lb (mm) — TS 500 Md.8,Calculated anchorage length lb (mm) — TS 500 Art.8,EN-TS500 RC REINFORCEMENT
f1a00018-0001-0001-0001-000000000012,TR_BA_EkBoyu,EN_RCLapSpliceLength,LENGTH,TR-TS500 BA DONATILAMA,Bindirme ek boyu ls (mm) — TS 500 Md.8,Lap splice length ls (mm) — TS 500 Art.8,EN-TS500 RC REINFORCEMENT
f1a00018-0001-0001-0001-000000000013,TR_BA_DonatiNotu,EN_RCRebarNote,TEXT,TR-TS500 BA DONATILAMA,Donatı özel notu / pafta açıklaması,Reinforcement special note / drawing description,EN-TS500 RC REINFORCEMENT
f1a00019-0001-0001-0001-000000000001,TR_BA_TS500_KontrolDurumu,EN_RCTS500ComplianceStatus,TEXT,TR-TS500 BA KONTROL VE UYGUNLUK,TS 500 uyum: Uygun / İncelemede / Revize,TS 500 compliance: Compliant / Under review / Revised,EN-TS500 RC QC & COMPLIANCE
f1a00019-0001-0001-0001-000000000002,TR_BA_TBDY_UyumDurumu,EN_RCTBDYComplianceStatus,TEXT,TR-TS500 BA KONTROL VE UYGUNLUK,TBDY 2018 uyum: Uygun / Revize Gerekli,TBDY 2018 compliance: Compliant / Revision required,EN-TS500 RC QC & COMPLIANCE
f1a00019-0001-0001-0001-000000000003,TR_BA_RevizyonGerekiyorMu,EN_RCRevisionRequired,YESNO,TR-TS500 BA KONTROL VE UYGUNLUK,Revizyon gerekiyor mu? (QC bayrağı),Revision required? (QC flag),EN-TS500 RC QC & COMPLIANCE
f1a00019-0001-0001-0001-000000000004,TR_BA_KontrolEden,EN_RCCheckedBy,TEXT,TR-TS500 BA KONTROL VE UYGUNLUK,Kontrol eden mühendis adı soyadı,Checking engineer full name,EN-TS500 RC QC & COMPLIANCE
f1a00019-0001-0001-0001-000000000005,TR_BA_KontrolTarihi,EN_RCCheckDate,TEXT,TR-TS500 BA KONTROL VE UYGUNLUK,Kontrol tarihi (YYYY-AA-GG),Check date (YYYY-MM-DD),EN-TS500 RC QC & COMPLIANCE
f1a00019-0001-0001-0001-000000000006,TR_BA_Onaylayan,EN_RCApprovedBy,TEXT,TR-TS500 BA KONTROL VE UYGUNLUK,Onaylayan mühendis adı soyadı,Approving engineer full name,EN-TS500 RC QC & COMPLIANCE
f1a00019-0001-0001-0001-000000000007,TR_BA_OnayTarihi,EN_RCApprovalDate,TEXT,TR-TS500 BA KONTROL VE UYGUNLUK,Onay tarihi (YYYY-AA-GG),Approval date (YYYY-MM-DD),EN-TS500 RC QC & COMPLIANCE
f1a00019-0001-0001-0001-000000000008,TR_BA_Aciklama,EN_RCNote,TEXT,TR-TS500 BA KONTROL VE UYGUNLUK,Genel açıklama / uyarı notu,General description / warning note,EN-TS500 RC QC & COMPLIANCE
f1a00019-0001-0001-0001-000000000009,TR_BA_HesapModelID,EN_RCCalculationModelID,TEXT,TR-TS500 BA KONTROL VE UYGUNLUK,Bağlı hesap modeli kimliği (SAP/ETABS ID),Linked calculation model ID (SAP/ETABS ID),EN-TS500 RC QC & COMPLIANCE
f1a00019-0001-0001-0001-000000000010,TR_BA_IFCExportSinifi,EN_RCIFCExportClass,TEXT,TR-TS500 BA KONTROL VE UYGUNLUK,IFC export sınıfı: 07_YAPISAL / alt kategori,IFC export class: 07_STRUCTURAL / subcategory,EN-TS500 RC QC & COMPLIANCE
f1a00020-0001-0001-0001-000000000001,TR_MEP_MekMuhendis,EN_MEPMechanicalEngineer,TEXT,TR-MEP GENEL (Tesisat Proje Üst Verisi),Sorumlu makine müh. adı soyadı (MEP),Responsible mechanical engineer full name (MEP),EN-MEP GENERAL (Project Metadata)
f1a00020-0001-0001-0001-000000000002,TR_MEP_MekOdaNo,EN_MechanicalEngineerLicenseNumber,TEXT,TR-MEP GENEL (Tesisat Proje Üst Verisi),MMO sicil no,Chamber of Mechanical Engineers license number,EN-MEP GENERAL (Project Metadata)
f1a00020-0001-0001-0001-000000000003,TR_MEP_ElkMuhendis,EN_MEPElectricalEngineer,TEXT,TR-MEP GENEL (Tesisat Proje Üst Verisi),Sorumlu elektrik müh. adı soyadı,Responsible electrical engineer full name,EN-MEP GENERAL (Project Metadata)
f1a00020-0001-0001-0001-000000000004,TR_MEP_ElkOdaNo,EN_ElectricalEngineerLicenseNumber,TEXT,TR-MEP GENEL (Tesisat Proje Üst Verisi),EMO sicil no,Chamber of Electrical Engineers license number,EN-MEP GENERAL (Project Metadata)
f1a00020-0001-0001-0001-000000000005,TR_MEP_ModelVersiyonu,EN_MEPModelVersion,TEXT,TR-MEP GENEL (Tesisat Proje Üst Verisi),MEP model versiyon no,MEP model version number,EN-MEP GENERAL (Project Metadata)
f1a00020-0001-0001-0001-000000000006,TR_MEP_KoordinasyonDurumu,EN_MEPCoordinationStatus,TEXT,TR-MEP GENEL (Tesisat Proje Üst Verisi),Koordinasyon durumu: Bekliyor/Devam/Tamamlandı,Coordination status: Pending / In progress / Completed,EN-MEP GENERAL (Project Metadata)
f1a00020-0001-0001-0001-000000000007,TR_MEP_ClashTespitTarihi,EN_MEPClashDetectionDate,TEXT,TR-MEP GENEL (Tesisat Proje Üst Verisi),Son çakışma tespiti tarihi (YYYY-AA-GG),Last clash detection date (YYYY-MM-DD),EN-MEP GENERAL (Project Metadata)
f1a00020-0001-0001-0001-000000000008,TR_MEP_ClashDurumu,EN_MEPClashStatus,TEXT,TR-MEP GENEL (Tesisat Proje Üst Verisi),Çakışma durumu: Temiz / X adet açık,Clash status: Clear / X open items,EN-MEP GENERAL (Project Metadata)
f1a00020-0001-0001-0001-000000000009,TR_MEP_IFCSurumu,EN_MEPIFCVersion,TEXT,TR-MEP GENEL (Tesisat Proje Üst Verisi),IFC sürümü MEP modeli (IFC4 MEP),IFC version for MEP model (IFC4 MEP),EN-MEP GENERAL (Project Metadata)
f1a00020-0001-0001-0001-000000000010,TR_MEP_HesapRaporNo,EN_MEPCalculationReportNumber,TEXT,TR-MEP GENEL (Tesisat Proje Üst Verisi),MEP hesap raporu belge numarası,MEP calculation report document number,EN-MEP GENERAL (Project Metadata)
f1a00021-0001-0001-0001-000000000004,TR_HVAC_KanalMalzeme,EN_HVACDuctMaterial,TEXT,TR-MEP GENEL (Tesisat Proje Üst Verisi),Kanal malzemesi: Galv. Çelik/SS/PVC/Spiro,Duct material: Galv. steel / SS / PVC / Spiral,EN-MEP GENERAL (Project Metadata)
f1a00021-0001-0001-0001-000000000001,TR_HVAC_SistemTipi,EN_HVACSystemType,TEXT,TR-HVAC HAVALANDIRMA VE KLİMA,Sistem tipi: VAV/CAV/VRF/Chiller/Split vb,System type: VAV / CAV / VRF / Chiller / Split etc.,EN-HVAC VENTILATION & AC
f1a00021-0001-0001-0001-000000000002,TR_HVAC_KapalıDevreMi,EN_HVACIsClosedLoop,YESNO,TR-HVAC HAVALANDIRMA VE KLİMA,Kapalı devre sistemi mi?,Is it a closed-loop system?,EN-HVAC VENTILATION & AC
f1a00021-0001-0001-0001-000000000003,TR_HVAC_KanalTipi,EN_HVACDuctType,TEXT,TR-HVAC HAVALANDIRMA VE KLİMA,Kanal tipi: Dikdörtgen/Yuvarlak/Oval/Flex,Duct shape: Rectangular / Circular / Oval / Flexible,EN-HVAC VENTILATION & AC
f1a00021-0001-0001-0001-000000000005,TR_HVAC_HavaHizi,EN_HVACAirVelocity,NUMBER,TR-HVAC HAVALANDIRMA VE KLİMA,Tasarım hava hızı (m/s),Design air velocity (m/s),EN-HVAC VENTILATION & AC
f1a00021-0001-0001-0001-000000000006,TR_HVAC_HavaDebisi,EN_HVACAirFlowRate,NUMBER,TR-HVAC HAVALANDIRMA VE KLİMA,Hava debisi (m3/h),Air flow rate (m3/h),EN-HVAC VENTILATION & AC
f1a00021-0001-0001-0001-000000000007,TR_HVAC_BasıncKaybi,EN_HVACPressureDrop,NUMBER,TR-HVAC HAVALANDIRMA VE KLİMA,Basınç kaybı (Pa),Pressure drop (Pa),EN-HVAC VENTILATION & AC
f1a00021-0001-0001-0001-000000000008,TR_HVAC_YalitimTipi,EN_HVACDuctInsulationType,TEXT,TR-HVAC HAVALANDIRMA VE KLİMA,Kanal yalıtım tipi ve kalınlığı (mm),Duct insulation type and thickness (mm),EN-HVAC VENTILATION & AC
f1a00021-0001-0001-0001-000000000009,TR_HVAC_YangınDamperVarMi,EN_HVACHasFireDamper,YESNO,TR-HVAC HAVALANDIRMA VE KLİMA,Yangın damperi var mı? (BYKHY),Is there a fire damper? (BFRR),EN-HVAC VENTILATION & AC
f1a00021-0001-0001-0001-000000000010,TR_HVAC_DumDamperVarMi,EN_HVACHasSmokeDamper,YESNO,TR-HVAC HAVALANDIRMA VE KLİMA,Duman damperi var mı?,Is there a smoke damper?,EN-HVAC VENTILATION & AC
f1a00021-0001-0001-0001-000000000011,TR_HVAC_SistemAdi,EN_HVACSystemName,TEXT,TR-HVAC HAVALANDIRMA VE KLİMA,"Sistem adı/kodu (örn: HV-01, EX-01)","System name / code (e.g. HV-01, EX-01)",EN-HVAC VENTILATION & AC
f1a00021-0001-0001-0001-000000000012,TR_HVAC_GurultuSeviyesi,EN_HVACNoiseLevel,NUMBER,TR-HVAC HAVALANDIRMA VE KLİMA,Gürültü seviyesi NC/dB(A),Noise level NC / dB(A),EN-HVAC VENTILATION & AC
f1a00022-0001-0001-0001-000000000001,TR_ISI_SistemTipi,EN_HeatCoolSystemType,TEXT,TR-ISITMA VE SOĞUTMA SİSTEMİ,Sistem: Radyatör/Fancoil/Yerden Isıtma/VRF,System: Radiator / Fan-coil / Underfloor heating / VRF,EN-HEATING & COOLING SYSTEM
f1a00022-0001-0001-0001-000000000002,TR_ISI_KazanTipi,EN_HeatCoolBoilerType,TEXT,TR-ISITMA VE SOĞUTMA SİSTEMİ,Kazan tipi: Yoğuşmalı/Klasik/Isı Pompası,Boiler type: Condensing / Conventional / Heat pump,EN-HEATING & COOLING SYSTEM
f1a00022-0001-0001-0001-000000000003,TR_ISI_BorMalzeme,EN_HeatCoolPipeMaterial,TEXT,TR-ISITMA VE SOĞUTMA SİSTEMİ,Boru malzemesi: Çelik/Bakır/PPR/PEX/CPVC,Pipe material: Steel / Copper / PPR / PEX / CPVC,EN-HEATING & COOLING SYSTEM
f1a00022-0001-0001-0001-000000000004,TR_ISI_BorCap,EN_HeatCoolPipeDiameter,LENGTH,TR-ISITMA VE SOĞUTMA SİSTEMİ,Boru çapı DN (mm),Pipe diameter DN (mm),EN-HEATING & COOLING SYSTEM
f1a00022-0001-0001-0001-000000000005,TR_ISI_IsıtmaDebi,EN_HeatCoolHeatingFlowRate,NUMBER,TR-ISITMA VE SOĞUTMA SİSTEMİ,Isıtma debisi (l/h),Heating flow rate (l/h),EN-HEATING & COOLING SYSTEM
f1a00022-0001-0001-0001-000000000006,TR_ISI_SogutmaDebi,EN_HeatCoolCoolingFlowRate,NUMBER,TR-ISITMA VE SOĞUTMA SİSTEMİ,Soğutma debisi (l/h),Cooling flow rate (l/h),EN-HEATING & COOLING SYSTEM
f1a00022-0001-0001-0001-000000000007,TR_ISI_GirisScakligi,EN_HeatCoolSupplyTemperature,NUMBER,TR-ISITMA VE SOĞUTMA SİSTEMİ,Giriş sıcaklığı (°C),Supply temperature (°C),EN-HEATING & COOLING SYSTEM
f1a00022-0001-0001-0001-000000000008,TR_ISI_DonusScakligi,EN_HeatCoolReturnTemperature,NUMBER,TR-ISITMA VE SOĞUTMA SİSTEMİ,Dönüş sıcaklığı (°C),Return temperature (°C),EN-HEATING & COOLING SYSTEM
f1a00022-0001-0001-0001-000000000009,TR_ISI_YalitimTipi,EN_HeatCoolPipeInsulationType,TEXT,TR-ISITMA VE SOĞUTMA SİSTEMİ,Boru yalıtım tipi ve kalınlığı,Pipe insulation type and thickness,EN-HEATING & COOLING SYSTEM
f1a00022-0001-0001-0001-000000000010,TR_ISI_BasincSinifi,EN_HeatCoolPressureClass,TEXT,TR-ISITMA VE SOĞUTMA SİSTEMİ,Basınç sınıfı PN6/PN10/PN16/PN25,Pressure class PN6/PN10/PN16/PN25,EN-HEATING & COOLING SYSTEM
f1a00022-0001-0001-0001-000000000011,TR_ISI_SistemAdi,EN_HeatCoolSystemName,TEXT,TR-ISITMA VE SOĞUTMA SİSTEMİ,"Sistem adı/kodu (örn: IS-01, SG-01)","System name / code (e.g. HT-01, CL-01)",EN-HEATING & COOLING SYSTEM
f1a00023-0001-0001-0001-000000000001,TR_SHT_SistemTipi,EN_PlumbingSystemType,TEXT,TR-SIHHI TESİSAT (TS EN 806),Sistem: SK/SK-Sicak/PIS/YMU/YAG/YANGSU,System: CW / HW / Drain / Rainwater / Grease / Fire water,EN-PLUMBING (TS EN 806)
f1a00023-0001-0001-0001-000000000002,TR_SHT_BorMalzeme,EN_PlumbingPipeMaterial,TEXT,TR-SIHHI TESİSAT (TS EN 806),Boru malzemesi: PPR/PVC/KPVC/Bakır/HDPE,Pipe material: PPR / PVC / CPVC / Copper / HDPE,EN-PLUMBING (TS EN 806)
f1a00023-0001-0001-0001-000000000003,TR_SHT_BorCap,EN_PlumbingPipeDiameter,LENGTH,TR-SIHHI TESİSAT (TS EN 806),Boru çapı DN (mm),Pipe diameter DN (mm),EN-PLUMBING (TS EN 806)
f1a00023-0001-0001-0001-000000000004,TR_SHT_BasincSinifi,EN_PlumbingPressureClass,TEXT,TR-SIHHI TESİSAT (TS EN 806),Basınç sınıfı PN,Pressure class PN,EN-PLUMBING (TS EN 806)
f1a00023-0001-0001-0001-000000000005,TR_SHT_EgimYuzde,EN_PlumbingDrainGradient,NUMBER,TR-SIHHI TESİSAT (TS EN 806),Pis su boru eğimi (%),Soil pipe gradient (%),EN-PLUMBING (TS EN 806)
f1a00023-0001-0001-0001-000000000006,TR_SHT_HidroforVarMi,EN_PlumbingHasPressureBooster,YESNO,TR-SIHHI TESİSAT (TS EN 806),Hidrofor sistemi var mı?,Is there a pressure booster system?,EN-PLUMBING (TS EN 806)
f1a00023-0001-0001-0001-000000000007,TR_SHT_DepoHacmi,EN_PlumbingTankVolume,NUMBER,TR-SIHHI TESİSAT (TS EN 806),Su deposu hacmi (m3),Water storage tank volume (m3),EN-PLUMBING (TS EN 806)
f1a00023-0001-0001-0001-000000000008,TR_SHT_SicakSuSistemi,EN_PlumbingHotWaterSystem,TEXT,TR-SIHHI TESİSAT (TS EN 806),Sıcak su sistemi: Merkezi/Bireysel/Güneş,Hot water system: Central / Individual / Solar,EN-PLUMBING (TS EN 806)
f1a00023-0001-0001-0001-000000000009,TR_SHT_YalitimTipi,EN_PlumbingPipeInsulationType,TEXT,TR-SIHHI TESİSAT (TS EN 806),Boru yalıtım tipi ve kalınlığı,Pipe insulation type and thickness,EN-PLUMBING (TS EN 806)
f1a00023-0001-0001-0001-000000000010,TR_SHT_SistemAdi,EN_PlumbingSystemName,TEXT,TR-SIHHI TESİSAT (TS EN 806),"Sistem kodu (örn: SK-01, PIS-01)","System code (e.g. CW-01, DR-01)",EN-PLUMBING (TS EN 806)
f1a00024-0001-0001-0001-000000000001,TR_YAN_SprinklerTipi,EN_FireSuppSprinklerType,TEXT,TR-YANGIN TESİSATI (BYKHY 2019),Sprinkler tipi: Islak/Kuru/Ön-etkili/Deluge,Sprinkler type: Wet / Dry / Pre-action / Deluge,EN-FIRE SUPPRESSION (BFRR 2019)
f1a00024-0001-0001-0001-000000000002,TR_YAN_SprinklerBasinc,EN_FireSuppDesignPressure,NUMBER,TR-YANGIN TESİSATI (BYKHY 2019),Tasarım basıncı (bar),Design pressure (bar),EN-FIRE SUPPRESSION (BFRR 2019)
f1a00024-0001-0001-0001-000000000003,TR_YAN_SprinklerDebi,EN_FireSuppDesignFlowRate,NUMBER,TR-YANGIN TESİSATI (BYKHY 2019),Tasarım debisi (l/dak),Design flow rate (l/min),EN-FIRE SUPPRESSION (BFRR 2019)
f1a00024-0001-0001-0001-000000000004,TR_YAN_HazardSinifi,EN_FireSuppHazardClass,TEXT,TR-YANGIN TESİSATI (BYKHY 2019),Tehlike sınıfı: LH/OH1/OH2/OH3/OH4/HH,Hazard class: LH / OH1 / OH2 / OH3 / OH4 / HH,EN-FIRE SUPPRESSION (BFRR 2019)
f1a00024-0001-0001-0001-000000000005,TR_YAN_BorMalzeme,EN_FireSuppPipeMaterial,TEXT,TR-YANGIN TESİSATI (BYKHY 2019),Yangın borusu malzeme: Çelik/CPVC,Fire pipe material: Steel / CPVC,EN-FIRE SUPPRESSION (BFRR 2019)
f1a00024-0001-0001-0001-000000000006,TR_YAN_BorCap,EN_FireSuppPipeDiameter,LENGTH,TR-YANGIN TESİSATI (BYKHY 2019),Yangın borusu çapı DN (mm),Fire pipe diameter DN (mm),EN-FIRE SUPPRESSION (BFRR 2019)
f1a00024-0001-0001-0001-000000000007,TR_YAN_ItfaiyeBaglantisi,EN_FireSuppHasFireBrigadeConnection,YESNO,TR-YANGIN TESİSATI (BYKHY 2019),İtfaiye bağlantısı var mı?,Is there a fire brigade connection?,EN-FIRE SUPPRESSION (BFRR 2019)
f1a00024-0001-0001-0001-000000000008,TR_YAN_HidrantTipi,EN_FireSuppHydrantType,TEXT,TR-YANGIN TESİSATI (BYKHY 2019),Hidrant tipi: İç/Dış/Yerüstü,Hydrant type: Indoor / Outdoor / Pillar,EN-FIRE SUPPRESSION (BFRR 2019)
f1a00024-0001-0001-0001-000000000009,TR_YAN_KosumaDebi,EN_FireSuppRunningFlowRate,NUMBER,TR-YANGIN TESİSATI (BYKHY 2019),Koşuma debisi (l/dak) BYKHY Tablo,Running flow rate (l/min) per BFRR Table,EN-FIRE SUPPRESSION (BFRR 2019)
f1a00024-0001-0001-0001-000000000010,TR_YAN_SistemAdi,EN_FireSuppSystemName,TEXT,TR-YANGIN TESİSATI (BYKHY 2019),Yangın sistemi kodu (örn: YAN-SPR-01),Fire system code (e.g. FIRE-SPR-01),EN-FIRE SUPPRESSION (BFRR 2019)
f1a00025-0001-0001-0001-000000000001,TR_ELK_SistemGerilimiV,EN_ElecSystemVoltage,NUMBER,TR-ELEKTRİK GÜÇ SİSTEMLERİ,Sistem gerilimi (V): 230/400,System voltage (V): 230/400,EN-ELECTRICAL POWER SYSTEMS
f1a00025-0001-0001-0001-000000000002,TR_ELK_KableTipi,EN_ElecCableType,TEXT,TR-ELEKTRİK GÜÇ SİSTEMLERİ,Kablo tipi: NYY/NYAF/N2XH/FTZ/NHXMH,Cable type: NYY / NYAF / N2XH / FTZ / NHXMH,EN-ELECTRICAL POWER SYSTEMS
f1a00025-0001-0001-0001-000000000003,TR_ELK_KableCap,EN_ElecCableCrossSection,TEXT,TR-ELEKTRİK GÜÇ SİSTEMLERİ,Kablo kesiti (mm2): 1.5/2.5/4/6/10/16,Cable cross-section (mm2): 1.5/2.5/4/6/10/16,EN-ELECTRICAL POWER SYSTEMS
f1a00025-0001-0001-0001-000000000004,TR_ELK_DevreTipi,EN_ElecCircuitType,TEXT,TR-ELEKTRİK GÜÇ SİSTEMLERİ,Devre tipi: Aydınlatma/Priz/Motor/Güç,Circuit type: Lighting / Socket / Motor / Power,EN-ELECTRICAL POWER SYSTEMS
f1a00025-0001-0001-0001-000000000005,TR_ELK_PanoAdi,EN_ElecPanelName,TEXT,TR-ELEKTRİK GÜÇ SİSTEMLERİ,"Bağlı pano adı (örn: DP-01, ATP-01)","Connected panel name (e.g. DB-01, MDB-01)",EN-ELECTRICAL POWER SYSTEMS
f1a00025-0001-0001-0001-000000000006,TR_ELK_DevreNo,EN_ElecCircuitNumber,TEXT,TR-ELEKTRİK GÜÇ SİSTEMLERİ,Devre numarası,Circuit number,EN-ELECTRICAL POWER SYSTEMS
f1a00025-0001-0001-0001-000000000007,TR_ELK_GuvenlikSinifi,EN_ElecProtectionClass,TEXT,TR-ELEKTRİK GÜÇ SİSTEMLERİ,Güvenlik sınıfı: IP20/IP44/IP65/IP67,Protection class: IP20 / IP44 / IP65 / IP67,EN-ELECTRICAL POWER SYSTEMS
f1a00025-0001-0001-0001-000000000008,TR_ELK_YangindaCalismaSuresi,EN_ElecFireOperationDuration,NUMBER,TR-ELEKTRİK GÜÇ SİSTEMLERİ,Yangında çalışma süresi dk (acil devre),Fire operation duration in minutes (emergency circuit),EN-ELECTRICAL POWER SYSTEMS
f1a00025-0001-0001-0001-000000000009,TR_ELK_KorumaTipi,EN_ElecProtectionDeviceType,TEXT,TR-ELEKTRİK GÜÇ SİSTEMLERİ,Koruma tipi: MCB/MCCB/RCD/AFCI,Protection device type: MCB / MCCB / RCD / AFCI,EN-ELECTRICAL POWER SYSTEMS
f1a00025-0001-0001-0001-000000000010,TR_ELK_SistemAdi,EN_ElecSystemName,TEXT,TR-ELEKTRİK GÜÇ SİSTEMLERİ,Elektrik sistemi kodu (örn: ELK-GUC-01),Electrical system code (e.g. ELK-PWR-01),EN-ELECTRICAL POWER SYSTEMS
f1a00026-0001-0001-0001-000000000001,TR_ZA_SistemTipi,EN_ELVSystemType,TEXT,TR-ZAYIF AKIM SİSTEMLERİ,Sistem: Data/Tel/CCTV/Kart/Alarm/OKS/BMS,System: Data / Tel / CCTV / Access / Alarm / BAS / BMS,EN-LOW VOLTAGE / ELV SYSTEMS
f1a00026-0001-0001-0001-000000000002,TR_ZA_KableTipi,EN_ELVCableType,TEXT,TR-ZAYIF AKIM SİSTEMLERİ,Kablo tipi: Cat6/Cat6A/FO/Koaksiyel/J-Y(ST)Y,Cable type: Cat6 / Cat6A / FO / Coaxial / J-Y(ST)Y,EN-LOW VOLTAGE / ELV SYSTEMS
f1a00026-0001-0001-0001-000000000003,TR_ZA_CihazAdi,EN_ELVDeviceName,TEXT,TR-ZAYIF AKIM SİSTEMLERİ,Cihaz adı / modeli,Device name / model,EN-LOW VOLTAGE / ELV SYSTEMS
f1a00026-0001-0001-0001-000000000004,TR_ZA_ZonNo,EN_ELVZoneNumber,TEXT,TR-ZAYIF AKIM SİSTEMLERİ,Bölge/Zone numarası (yangın alarm vb),Zone number (fire alarm etc.),EN-LOW VOLTAGE / ELV SYSTEMS
f1a00026-0001-0001-0001-000000000005,TR_ZA_IPAdresi,EN_ELVIPAddress,TEXT,TR-ZAYIF AKIM SİSTEMLERİ,IP adresi (ağ cihazları için),IP address (for networked devices),EN-LOW VOLTAGE / ELV SYSTEMS
f1a00026-0001-0001-0001-000000000006,TR_ZA_GucTuketimi,EN_ELVPowerConsumption,NUMBER,TR-ZAYIF AKIM SİSTEMLERİ,Güç tüketimi (W),Power consumption (W),EN-LOW VOLTAGE / ELV SYSTEMS
f1a00026-0001-0001-0001-000000000007,TR_ZA_POEVarMi,EN_ELVHasPOE,YESNO,TR-ZAYIF AKIM SİSTEMLERİ,PoE (Power over Ethernet) var mı?,Is there PoE (Power over Ethernet)?,EN-LOW VOLTAGE / ELV SYSTEMS
f1a00026-0001-0001-0001-000000000008,TR_ZA_SistemAdi,EN_ELVSystemName,TEXT,TR-ZAYIF AKIM SİSTEMLERİ,"Sistem kodu (örn: BMS-01, CCTV-01)","System code (e.g. BMS-01, CCTV-01)",EN-LOW VOLTAGE / ELV SYSTEMS
f1a00027-0001-0001-0001-000000000001,TR_MEP_KontrolDurumu,EN_MEPReviewStatus,TEXT,TR-MEP QA/QC KONTROL,Kontrol durumu: Uygun / İncelemede / Revize,Review status: Compliant / Under review / Revised,EN-MEP QA/QC REVIEW
f1a00027-0001-0001-0001-000000000002,TR_MEP_RevizyonGerekiyorMu,EN_MEPRevisionRequired,YESNO,TR-MEP QA/QC KONTROL,Revizyon gerekiyor mu? (QC bayrağı),Revision required? (QC flag),EN-MEP QA/QC REVIEW
f1a00027-0001-0001-0001-000000000003,TR_MEP_KontrolEden,EN_MEPCheckedBy,TEXT,TR-MEP QA/QC KONTROL,Kontrol eden mühendis adı soyadı,Checking engineer full name,EN-MEP QA/QC REVIEW
f1a00027-0001-0001-0001-000000000004,TR_MEP_KontrolTarihi,EN_MEPCheckDate,TEXT,TR-MEP QA/QC KONTROL,Kontrol tarihi (YYYY-AA-GG),Check date (YYYY-MM-DD),EN-MEP QA/QC REVIEW
f1a00027-0001-0001-0001-000000000005,TR_MEP_Onaylayan,EN_MEPApprovedBy,TEXT,TR-MEP QA/QC KONTROL,Onaylayan mühendis adı soyadı,Approving engineer full name,EN-MEP QA/QC REVIEW
f1a00027-0001-0001-0001-000000000006,TR_MEP_OnayTarihi,EN_MEPApprovalDate,TEXT,TR-MEP QA/QC KONTROL,Onay tarihi (YYYY-AA-GG),Approval date (YYYY-MM-DD),EN-MEP QA/QC REVIEW
f1a00027-0001-0001-0001-000000000007,TR_MEP_ClashCozulduMu,EN_MEPClashResolved,YESNO,TR-MEP QA/QC KONTROL,Çakışma sorunu çözüldü mü?,Has the clash issue been resolved?,EN-MEP QA/QC REVIEW
f1a00027-0001-0001-0001-000000000008,TR_MEP_Aciklama,EN_MEPNote,TEXT,TR-MEP QA/QC KONTROL,Açıklama / uyarı notu,Description / warning note,EN-MEP QA/QC REVIEW
f1a00027-0001-0001-0001-000000000009,TR_MEP_HesapModelID,EN_MEPCalculationModelID,TEXT,TR-MEP QA/QC KONTROL,Bağlı hesap modeli ID,Linked calculation model ID,EN-MEP QA/QC REVIEW
f1a00027-0001-0001-0001-000000000010,TR_MEP_IFCExportSinifi,EN_MEPIFCExportClass,TEXT,TR-MEP QA/QC KONTROL,IFC export sınıfı (08_MEP / alt kategori),IFC export class (08_MEP / subcategory),EN-MEP QA/QC REVIEW
f1a00028-0001-0001-0001-000000000001,TR_MEP_PozNo,EN_MEPItemNumber,TEXT,TR-MEP METRAJ VE POZ,ÇŞB/YİGM MEP poz numarası,MoEUA / YIGM MEP unit price item number,EN-MEP QTO & UNIT PRICE
f1a00028-0001-0001-0001-000000000002,TR_MEP_PozAdi,EN_MEPItemName,TEXT,TR-MEP METRAJ VE POZ,Poz adı,Unit price item name,EN-MEP QTO & UNIT PRICE
f1a00028-0001-0001-0001-000000000003,TR_MEP_Birim,EN_MEPUnit,TEXT,TR-MEP METRAJ VE POZ,Birim: m / m2 / adet / kW vb,Unit: m / m2 / pcs / kW etc.,EN-MEP QTO & UNIT PRICE
f1a00028-0001-0001-0001-000000000004,TR_MEP_Miktar,EN_MEPQuantity,NUMBER,TR-MEP METRAJ VE POZ,Miktar,Quantity,EN-MEP QTO & UNIT PRICE
f1a00028-0001-0001-0001-000000000005,TR_MEP_BirimFiyat,EN_MEPUnitPrice,CURRENCY,TR-MEP METRAJ VE POZ,Birim fiyat (TL),Unit price (TRY),EN-MEP QTO & UNIT PRICE
f1a00028-0001-0001-0001-000000000006,TR_MEP_ToplamTutar,EN_MEPTotalAmount,CURRENCY,TR-MEP METRAJ VE POZ,Toplam tutar (TL),Total amount (TRY),EN-MEP QTO & UNIT PRICE
9c805a5d-0c5e-59fa-abd3-67de5d0bc520,TR_SinifSistemi,EN_ClassificationSystem,TEXT,TR-SINIFLANDIRMA VE KOD SİSTEMLERİ,Kullanılan ana sınıflandırma sistemi (TR_BIM / NL-SfB / UniClass / özel idare standardı),Classification system in use (TR_BIM / NL-SfB / UniClass / custom authority standard),EN-CLASSIFICATION & CODING SYSTEMS
6736a3a0-7e39-51b2-a2f6-85a7a8ad8021,TR_SinifKod1,EN_ClassificationCode1,TEXT,TR-SINIFLANDIRMA VE KOD SİSTEMLERİ,Birincil sınıflandırma kodu,Primary classification code,EN-CLASSIFICATION & CODING SYSTEMS
550773f3-84e3-55e6-92e8-6ad9580319f3,TR_SinifKod2,EN_ClassificationCode2,TEXT,TR-SINIFLANDIRMA VE KOD SİSTEMLERİ,İkincil sınıflandırma kodu,Secondary classification code,EN-CLASSIFICATION & CODING SYSTEMS
37565117-4d6d-5bac-a08b-fb8e357d9a32,TR_SinifKod3,EN_ClassificationCode3,TEXT,TR-SINIFLANDIRMA VE KOD SİSTEMLERİ,Üçüncül sınıflandırma kodu,Tertiary classification code,EN-CLASSIFICATION & CODING SYSTEMS
1c9d6249-d730-59e7-ab31-207ea22bab52,TR_SinifAdi,EN_ClassificationName,TEXT,TR-SINIFLANDIRMA VE KOD SİSTEMLERİ,Sınıflandırma adının okunabilir karşılığı,Human-readable classification name,EN-CLASSIFICATION & CODING SYSTEMS
24397964-60d0-534a-9f2f-64de86ed931e,TR_ElemanKod,EN_ElementCode,TEXT,TR-SINIFLANDIRMA VE KOD SİSTEMLERİ,Eleman / tip / sistem kodu,Element / type / system code,EN-CLASSIFICATION & CODING SYSTEMS
a986e14e-cc3d-5093-b1e0-ce1742be81cb,TR_ElemanAdi,EN_ElementName,TEXT,TR-SINIFLANDIRMA VE KOD SİSTEMLERİ,Eleman / tip / sistem adı,Element / type / system name,EN-CLASSIFICATION & CODING SYSTEMS
884d7082-37df-5fc9-85bf-a0a058edd9cf,TR_ElemanAileKodu,EN_ElementFamilyCode,TEXT,TR-SINIFLANDIRMA VE KOD SİSTEMLERİ,Aile / ürün ailesi kodu,Family / product family code,EN-CLASSIFICATION & CODING SYSTEMS
874555f8-2c2a-5182-950e-311501a1e92f,TR_MalzemeSinifKodu,EN_MaterialClassCode,TEXT,TR-SINIFLANDIRMA VE KOD SİSTEMLERİ,Malzeme sınıf kodu,Material class code,EN-CLASSIFICATION & CODING SYSTEMS
cdb5b807-7fca-5d4c-87de-02f40e12f83b,TR_MalzemeSinifAdi,EN_MaterialClassName,TEXT,TR-SINIFLANDIRMA VE KOD SİSTEMLERİ,Malzeme sınıf adı,Material class name,EN-CLASSIFICATION & CODING SYSTEMS
b731d758-9bbd-573a-9bab-9bd610ead96a,TR_IsDisEleman,EN_IsExteriorElement,YESNO,TR-SINIFLANDIRMA VE KOD SİSTEMLERİ,Eleman dış ortam / dış kabuk ile ilişkili mi?,Is the element associated with the exterior / building envelope?,EN-CLASSIFICATION & CODING SYSTEMS
647eb9a7-350e-5473-bcdb-2be7abdb0122,TR_IsTasiyici,EN_IsStructural,YESNO,TR-SINIFLANDIRMA VE KOD SİSTEMLERİ,Eleman taşıyıcı görev yapıyor mu?,Does the element perform a load-bearing function?,EN-CLASSIFICATION & CODING SYSTEMS
aa0ea289-9ac3-5fba-9176-61ea28d6c588,TR_BES_AnaKod,EN_BESAnaCode,TEXT,TR-BİNA ELEMAN SINIFLANDIRMASI,Bina eleman sınıflandırması ana grup kodu,Building element classification primary group code,EN-BUILDING ELEMENT CLASSIFICATION
720694a7-a00f-50b6-b118-6622aa6c7809,TR_BES_AnaGrup,EN_BESAnaGroup,TEXT,TR-BİNA ELEMAN SINIFLANDIRMASI,Bina eleman sınıflandırması ana grup adı,Building element classification primary group name,EN-BUILDING ELEMENT CLASSIFICATION
163fb17b-82a8-58e0-9be4-8600e5a35954,TR_BES_AltKod,EN_BESAltCode,TEXT,TR-BİNA ELEMAN SINIFLANDIRMASI,Bina eleman sınıflandırması alt grup kodu,Building element classification sub-group code,EN-BUILDING ELEMENT CLASSIFICATION
d58a965a-5adc-5249-9b6b-a33d3973e37f,TR_BES_AltGrup,EN_BESAltGroup,TEXT,TR-BİNA ELEMAN SINIFLANDIRMASI,Bina eleman sınıflandırması alt grup adı,Building element classification sub-group name,EN-BUILDING ELEMENT CLASSIFICATION
e26dd773-0432-52c5-8ae0-8f7ecc3498e5,TR_BES_ElemanKodu,EN_BESElementCode,TEXT,TR-BİNA ELEMAN SINIFLANDIRMASI,Bina eleman sınıflandırması detay eleman kodu,Building element classification detail element code,EN-BUILDING ELEMENT CLASSIFICATION
f49432a7-9977-581b-a1c8-a079452ac42f,TR_BES_ElemanAdi,EN_BESElementName,TEXT,TR-BİNA ELEMAN SINIFLANDIRMASI,Bina eleman sınıflandırması detay eleman adı,Building element classification detail element name,EN-BUILDING ELEMENT CLASSIFICATION
3f8b38aa-88e8-5285-9f96-07c09b0d8151,TR_BES_Islev,EN_BESFunctionalRole,TEXT,TR-BİNA ELEMAN SINIFLANDIRMASI,Elemanın işlevsel rolü,Functional role of the element,EN-BUILDING ELEMENT CLASSIFICATION
91cde87f-f74e-5bbf-95e9-6efa61c8b676,TR_BES_TeknikSistem,EN_BESTechnicalSystem,TEXT,TR-BİNA ELEMAN SINIFLANDIRMASI,Elemanın ait olduğu teknik sistem,Technical system the element belongs to,EN-BUILDING ELEMENT CLASSIFICATION
5236a039-8fcf-5441-a2a4-c366b86c9f49,TR_BES_MalzemeAilesi,EN_BESMaterialFamily,TEXT,TR-BİNA ELEMAN SINIFLANDIRMASI,Baskın malzeme veya malzeme ailesi,Dominant material or material family,EN-BUILDING ELEMENT CLASSIFICATION
1fa45ead-9ebb-5960-ab03-612b8fb344b0,TR_BES_UretimDisiplini,EN_BESManufacturingDiscipline,TEXT,TR-BİNA ELEMAN SINIFLANDIRMASI,İmalat / disiplin sorumluluğu,Manufacturing / discipline responsibility,EN-BUILDING ELEMENT CLASSIFICATION
aeaddd4c-8b6a-5b59-93ce-21dcca35fe1b,TR_BES_BakimGrubu,EN_BESMaintenanceGroup,TEXT,TR-BİNA ELEMAN SINIFLANDIRMASI,İşletme bakım grubu,Operations and maintenance group,EN-BUILDING ELEMENT CLASSIFICATION
2e0a2bc4-58f7-5b20-8f43-eba9365cdd9d,TR_BES_ImalatSirasi,EN_BESConstructionSequence,TEXT,TR-BİNA ELEMAN SINIFLANDIRMASI,Tavsiye edilen imalat sırası / paket ilişkisi,Recommended construction sequence / package relationship,EN-BUILDING ELEMENT CLASSIFICATION
615935d1-f7b2-560a-9b54-248010563b1d,TR_CSB_BinaGrubuKod,EN_CSBBuildingGroupCode,TEXT,TR-ÇŞB 2026 YAPI SINIFI VE POZ KIRILIMI,ÇŞİDB / idare bina grubu kodu,MoEUA / authority building group code,EN-MOEU 2026 BUILDING CLASS & COST BREAKDOWN
89ab1bce-931d-5b70-82a8-61f04ff670c9,TR_CSB_BinaGrubuAdi,EN_CSBBuildingGroupName,TEXT,TR-ÇŞB 2026 YAPI SINIFI VE POZ KIRILIMI,ÇŞİDB / idare bina grubu adı,MoEUA / authority building group name,EN-MOEU 2026 BUILDING CLASS & COST BREAKDOWN
d88adad5-6806-5f40-8570-e37099b74a4e,TR_CSB_YapiSinifiKod,EN_CSBBuildingClassCode,TEXT,TR-ÇŞB 2026 YAPI SINIFI VE POZ KIRILIMI,Yapı sınıfı kodu,Building class code,EN-MOEU 2026 BUILDING CLASS & COST BREAKDOWN
f23d3414-042b-57b2-b19d-a640a7c7fe66,TR_CSB_YapiSinifiAdi,EN_CSBBuildingClassName,TEXT,TR-ÇŞB 2026 YAPI SINIFI VE POZ KIRILIMI,Yapı sınıfı adı,Building class name,EN-MOEU 2026 BUILDING CLASS & COST BREAKDOWN
df63d5fa-d89d-5f97-8fb5-e75ff043de47,TR_CSB_PozNo,EN_CSBItemNumber,TEXT,TR-ÇŞB 2026 YAPI SINIFI VE POZ KIRILIMI,Poz numarası,Unit price item number,EN-MOEU 2026 BUILDING CLASS & COST BREAKDOWN
b5ef778a-7a3d-59fa-b566-8f7f65b80249,TR_CSB_PozTanimi,EN_CSBItemDefinition,TEXT,TR-ÇŞB 2026 YAPI SINIFI VE POZ KIRILIMI,Poz tanımı,Unit price item definition,EN-MOEU 2026 BUILDING CLASS & COST BREAKDOWN
32a48cf4-b299-5950-879f-59e025bc2c20,TR_CSB_PozBirim,EN_CSBItemUnit,TEXT,TR-ÇŞB 2026 YAPI SINIFI VE POZ KIRILIMI,Poz ölçü birimi,Unit price item unit of measure,EN-MOEU 2026 BUILDING CLASS & COST BREAKDOWN
15b246da-a193-5881-a8a7-c59fd7e49605,TR_CSB_PozAnaGrup,EN_CSBItemPrimaryGroup,TEXT,TR-ÇŞB 2026 YAPI SINIFI VE POZ KIRILIMI,Pozun ait olduğu ana mantıksal grup,Primary logical group the item belongs to,EN-MOEU 2026 BUILDING CLASS & COST BREAKDOWN
c0e68cf0-a48f-5f42-8d57-0922d6118f2f,TR_CSB_PozAltGrup,EN_CSBItemSubGroup,TEXT,TR-ÇŞB 2026 YAPI SINIFI VE POZ KIRILIMI,Pozun ait olduğu alt mantıksal grup,Sub-group the item belongs to,EN-MOEU 2026 BUILDING CLASS & COST BREAKDOWN
1f784219-c578-5424-828d-71fe0930ca4c,TR_CSB_RayicKod,EN_CSBRateCode,TEXT,TR-ÇŞB 2026 YAPI SINIFI VE POZ KIRILIMI,Rayiç kodu,Schedule of rates code,EN-MOEU 2026 BUILDING CLASS & COST BREAKDOWN
a0d07ece-1f65-549a-924c-b6da24aaebc7,TR_CSB_RayicTanimi,EN_CSBRateDefinition,TEXT,TR-ÇŞB 2026 YAPI SINIFI VE POZ KIRILIMI,Rayiç tanımı,Schedule of rates description,EN-MOEU 2026 BUILDING CLASS & COST BREAKDOWN
0b79e60e-ac3c-56be-913a-d61a81f4c8f0,TR_CSB_IsKalemiTuru,EN_CSBWorkItemType,TEXT,TR-ÇŞB 2026 YAPI SINIFI VE POZ KIRILIMI,İş kalemi türü: imalat / rayiç / ekipman / hizmet,Work item type: construction / rate / equipment / service,EN-MOEU 2026 BUILDING CLASS & COST BREAKDOWN
ac58dfd3-1780-54e9-8d83-f745dfb3960a,TR_CSB_BirimFiyatYili,EN_CSBUnitPriceYear,INTEGER,TR-ÇŞB 2026 YAPI SINIFI VE POZ KIRILIMI,Birim fiyat yılı,Unit price year,EN-MOEU 2026 BUILDING CLASS & COST BREAKDOWN
6e3065ba-1367-56c8-9e50-d9f3e3c9dc1c,TR_CSB_BirimFiyatKaynak,EN_CSBUnitPriceSource,TEXT,TR-ÇŞB 2026 YAPI SINIFI VE POZ KIRILIMI,"Birim fiyat kaynağı (ÇŞİDB, idare, özel analiz vb.)","Unit price source (MoEUA, authority, private analysis etc.)",EN-MOEU 2026 BUILDING CLASS & COST BREAKDOWN
83fe9e8b-3124-5e84-a37b-da545a52881a,TR_CSB_AnalizGirdisi,EN_CSBIsAnalysisInput,YESNO,TR-ÇŞB 2026 YAPI SINIFI VE POZ KIRILIMI,İş kalemi analiz girdisi olarak kullanılacak mı?,To be used as a work item analysis input?,EN-MOEU 2026 BUILDING CLASS & COST BREAKDOWN
56a9cd33-aa84-561c-aaf6-b85cfad59733,TR_CSB_2026_SinifGrupKodu,EN_CSB2026ClassGroupCode,TEXT,TR-ÇŞB 2026 YAPI SINIFI VE POZ KIRILIMI,ÇŞB 2026 yapı sınıfı ve grup kodu (ör. III-B),MoEUA 2026 building class and group code (e.g. III-B),EN-MOEU 2026 BUILDING CLASS & COST BREAKDOWN
9bc7de7b-4995-5faf-be32-1561c1261411,TR_CSB_2026_SinifGrupAdi,EN_CSB2026ClassGroupName,TEXT,TR-ÇŞB 2026 YAPI SINIFI VE POZ KIRILIMI,ÇŞB 2026 yapı sınıfı ve grup adı,MoEUA 2026 building class and group name,EN-MOEU 2026 BUILDING CLASS & COST BREAKDOWN
e861323a-cc69-5e5b-a898-aac7d2a5c4f3,TR_CSB_2026_BirimMaliyet,EN_CSB2026UnitCost,NUMBER,TR-ÇŞB 2026 YAPI SINIFI VE POZ KIRILIMI,ÇŞB 2026 yapı yaklaşık birim maliyeti (TL/m²),MoEUA 2026 approximate unit construction cost (TRY/m²),EN-MOEU 2026 BUILDING CLASS & COST BREAKDOWN
564658a3-2f31-5f54-9689-32d204a842af,TR_CSB_2026_MaliyetKapsami,EN_CSB2026CostScope,MULTILINETEXT,TR-ÇŞB 2026 YAPI SINIFI VE POZ KIRILIMI,ÇŞB 2026 birim maliyet kapsam / hariç tutulan giderler notu,MoEUA 2026 unit cost scope / excluded expenses note,EN-MOEU 2026 BUILDING CLASS & COST BREAKDOWN
aa80f28c-c7f0-58e5-8326-b3990ce95ce3,TR_CSB_YapiAnaFonksiyonu,EN_CSBBuildingPrimaryFunction,TEXT,TR-ÇŞB 2026 YAPI SINIFI VE POZ KIRILIMI,Yapının ana işlevi / kullanım türü,Main function / use type of the building,EN-MOEU 2026 BUILDING CLASS & COST BREAKDOWN
a93b6457-6276-5a52-9278-d587a135c3ab,TR_CSB_YapiAltFonksiyonu,EN_CSBBuildingSubFunction,TEXT,TR-ÇŞB 2026 YAPI SINIFI VE POZ KIRILIMI,Yapının alt işlevi / detay kullanım türü,Sub-function / detailed use type of the building,EN-MOEU 2026 BUILDING CLASS & COST BREAKDOWN
f324f3f7-bea5-55cc-8b6b-52ae4f59afaf,TR_MahalKodu,EN_RoomCode,TEXT,TR-MAHAL VE KONUMSAL AYRIŞIM,Mahal / room / zone kodu,Room / space / zone code,EN-SPACE & LOCATION BREAKDOWN
50a8324c-e522-5973-a92b-a8b8c0f0414b,TR_MahalAdi,EN_RoomName,TEXT,TR-MAHAL VE KONUMSAL AYRIŞIM,Mahal adı,Room / space name,EN-SPACE & LOCATION BREAKDOWN
11fe86e7-6c3e-5b75-8b30-e61c88d13a1d,TR_MahalFonksiyonu,EN_RoomFunction,TEXT,TR-MAHAL VE KONUMSAL AYRIŞIM,Mahal fonksiyonu / kullanım amacı,Room function / use purpose,EN-SPACE & LOCATION BREAKDOWN
e923f337-ceee-5b0e-aea5-ba0d184a4bbc,TR_BlokKodu,EN_BlockCode,TEXT,TR-MAHAL VE KONUMSAL AYRIŞIM,Blok / bina alt birim kodu,Block / building sub-unit code,EN-SPACE & LOCATION BREAKDOWN
a7fa01ad-b548-5df1-8056-fdff96a5fdf9,TR_KatKodu,EN_StoreyCode,TEXT,TR-MAHAL VE KONUMSAL AYRIŞIM,Kat / seviye kodu,Floor / level code,EN-SPACE & LOCATION BREAKDOWN
49839eb5-fcf0-5223-9552-c6e163e3ac88,TR_ZonKodu,EN_ZoneCode,TEXT,TR-MAHAL VE KONUMSAL AYRIŞIM,Fonksiyonel / yangın / işletme zonu,Functional / fire / operational zone,EN-SPACE & LOCATION BREAKDOWN
e676fd2c-a581-54c0-bfab-d7300eef04a1,TR_AksX,EN_GridX,TEXT,TR-MAHAL VE KONUMSAL AYRIŞIM,X aks referansı,X grid reference,EN-SPACE & LOCATION BREAKDOWN
59864f17-a8dd-50cb-8459-04dd3085dab3,TR_AksY,EN_GridY,TEXT,TR-MAHAL VE KONUMSAL AYRIŞIM,Y aks referansı,Y grid reference,EN-SPACE & LOCATION BREAKDOWN
bef55968-1571-5c3c-9e6e-da3310913707,TR_KonumNotu,EN_LocationNote,TEXT,TR-MAHAL VE KONUMSAL AYRIŞIM,Konumsal açıklama notu,Spatial description note,EN-SPACE & LOCATION BREAKDOWN
16035ff9-8b62-5b06-b145-d2825d694c5f,TR_BinaBolumu,EN_BuildingSection,TEXT,TR-MAHAL VE KONUMSAL AYRIŞIM,Bina bölümü / kanat / çekirdek / servis alanı,Building section / wing / core / service area,EN-SPACE & LOCATION BREAKDOWN
db5759a2-3606-5a52-9465-e8adef50f661,TR_FazAlani,EN_PhaseArea,TEXT,TR-MAHAL VE KONUMSAL AYRIŞIM,Faz / etap / inşaat bölgesi,Phase / stage / construction zone,EN-SPACE & LOCATION BREAKDOWN
d567849d-e8e8-58b4-b50f-7d93289be8fa,TR_IsletmeBolgesi,EN_OperationsZone,TEXT,TR-MAHAL VE KONUMSAL AYRIŞIM,İşletme ve bakım bölgesi,Operations and maintenance zone,EN-SPACE & LOCATION BREAKDOWN
7a437dd9-d9b1-523b-b164-86f206784b6e,TR_IFC_ExportEt,EN_IFCExportEt,YESNO,TR-IFC İHRAC VE VERİ EŞLEME,Eleman IFC çıktısına dahil edilsin mi?,Should the element be included in IFC export?,EN-IFC EXPORT & DATA MAPPING
16bc4d81-6eeb-5c8a-b11a-12f30ecddefc,TR_IFC_EntityOverride,EN_IFCEntityOverride,TEXT,TR-IFC İHRAC VE VERİ EŞLEME,Gerekirse elemanın IFC entity karşılığı,IFC entity override for the element if required,EN-IFC EXPORT & DATA MAPPING
dd0b0fad-535f-5c69-80b9-5d3ea434d32f,TR_IFC_PredefinedType,EN_IFCPredefinedType,TEXT,TR-IFC İHRAC VE VERİ EŞLEME,IFC PredefinedType değeri,IFC PredefinedType value,EN-IFC EXPORT & DATA MAPPING
4fa6b281-1d55-5f96-8333-d452f4c375ed,TR_IFC_NameOverride,EN_IFCNameOverride,TEXT,TR-IFC İHRAC VE VERİ EŞLEME,IFC Name alanına yazılacak özel ad,Custom name to write to IFC Name field,EN-IFC EXPORT & DATA MAPPING
247ec523-13fb-5482-ab71-f2574199ad58,TR_IFC_DescriptionOverride,EN_IFCDescriptionOverride,TEXT,TR-IFC İHRAC VE VERİ EŞLEME,IFC Description alanına yazılacak açıklama,Description to write to IFC Description field,EN-IFC EXPORT & DATA MAPPING
a84419ab-1b79-51f3-9711-453bf2fdae48,TR_IFC_ObjectTypeOverride,EN_IFCObjectTypeOverride,TEXT,TR-IFC İHRAC VE VERİ EŞLEME,IFC ObjectType alanı,IFC ObjectType field value,EN-IFC EXPORT & DATA MAPPING
fff7b98d-7be4-5751-887a-06dce94e28c9,TR_IFC_TagOverride,EN_IFCTagOverride,TEXT,TR-IFC İHRAC VE VERİ EŞLEME,IFC Tag alanı,IFC Tag field value,EN-IFC EXPORT & DATA MAPPING
5fd9214e-cda4-54cd-9098-cc0d747c2495,TR_IFC_ClassificationName,EN_IFCClassificationName,TEXT,TR-IFC İHRAC VE VERİ EŞLEME,IFC sınıflandırma set adı,IFC classification set name,EN-IFC EXPORT & DATA MAPPING
012b9fbc-e717-56c1-a80b-096e869489d8,TR_IFC_ClassificationSource,EN_IFCClassificationSource,TEXT,TR-IFC İHRAC VE VERİ EŞLEME,IFC sınıflandırma kaynağı / yayıncısı,IFC classification source / publisher,EN-IFC EXPORT & DATA MAPPING
7325b80c-3013-5c79-992f-322e4ff59039,TR_IFC_ClassificationEdition,EN_IFCClassificationEdition,TEXT,TR-IFC İHRAC VE VERİ EŞLEME,IFC sınıflandırma sürümü,IFC classification edition / version,EN-IFC EXPORT & DATA MAPPING
eb6ced96-109d-59d9-88a2-564f4182602c,TR_IFC_ClassificationURI,EN_IFCClassificationURI,TEXT,TR-IFC İHRAC VE VERİ EŞLEME,IFC sınıflandırma URI / referans linki,IFC classification URI / reference link,EN-IFC EXPORT & DATA MAPPING
446abe60-9571-5548-a70c-7f34cdb1645a,TR_IFC_PsetSeti,EN_IFCPropertySetBundle,TEXT,TR-IFC İHRAC VE VERİ EŞLEME,Eleman için etkinleştirilecek özel property set kümesi,Custom property set bundle to activate for the element,EN-IFC EXPORT & DATA MAPPING
791db967-6794-5fda-b7aa-f130708d9eba,TR_IFC_AktarimNotu,EN_IFCExportNote,MULTILINETEXT,TR-IFC İHRAC VE VERİ EŞLEME,IFC aktarım notu / istisna açıklaması,IFC export note / exception description,EN-IFC EXPORT & DATA MAPPING
3173ef3b-62fb-5251-95a7-c600bb48da6a,TR_IFC_Dogrulandi,EN_IFCExportVerified,YESNO,TR-IFC İHRAC VE VERİ EŞLEME,IFC aktarımı kalite kontrolden geçti mi?,Has the IFC export passed quality control?,EN-IFC EXPORT & DATA MAPPING
b9c6c78f-4890-5f16-afd1-929acb868e22,TR_MetrajKurali,EN_MeasurementRule,TEXT,TR-KEŞİF / METRAJ / MALİYET KIRILIMI,Metraj alma kuralı / ölçü kuralı,Quantity take-off rule / measurement rule,EN-ESTIMATE / QTO / COST BREAKDOWN
f7e1793d-0582-5608-b72f-1b65bd2c28b3,TR_MetrajBirim,EN_MeasurementUnit,TEXT,TR-KEŞİF / METRAJ / MALİYET KIRILIMI,Metraj birimi,Measurement unit,EN-ESTIMATE / QTO / COST BREAKDOWN
1687ed8c-9a58-5302-9c51-b565b83477ef,TR_MetrajCarpan,EN_MeasurementFactor,NUMBER,TR-KEŞİF / METRAJ / MALİYET KIRILIMI,Metraj çarpanı,Measurement factor / multiplier,EN-ESTIMATE / QTO / COST BREAKDOWN
1d1c56b7-08f4-5c8d-abef-b282a0eb0079,TR_MetrajDahil,EN_IncludedInQTO,YESNO,TR-KEŞİF / METRAJ / MALİYET KIRILIMI,Metraja dahil mi?,Included in quantity take-off?,EN-ESTIMATE / QTO / COST BREAKDOWN
89e5e0b8-0776-56f2-8e47-71125a75651a,TR_AnalizGirdiTipi,EN_AnalysisInputType,TEXT,TR-KEŞİF / METRAJ / MALİYET KIRILIMI,Analiz girdisi tipi: işçilik / makine / malzeme / genel gider,Analysis input type: labour / plant / material / overhead,EN-ESTIMATE / QTO / COST BREAKDOWN
e9f240c3-6509-5284-80e8-364367076dd5,TR_AnalizBilesenKodu,EN_AnalysisComponentCode,TEXT,TR-KEŞİF / METRAJ / MALİYET KIRILIMI,Analiz bileşen kodu,Analysis component code,EN-ESTIMATE / QTO / COST BREAKDOWN
2fcad40b-cc25-5c00-804e-6cf45419d857,TR_MaliyetMerkezi,EN_CostCentre,TEXT,TR-KEŞİF / METRAJ / MALİYET KIRILIMI,Maliyet merkezi / bütçe kırılımı,Cost centre / budget breakdown,EN-ESTIMATE / QTO / COST BREAKDOWN
716a3ad3-8df7-580e-ac7a-3332abd11fa8,TR_KesifPaketNo,EN_EstimatePackageNumber,TEXT,TR-KEŞİF / METRAJ / MALİYET KIRILIMI,Keşif / teklif paketi numarası,Estimate / bid package number,EN-ESTIMATE / QTO / COST BREAKDOWN
aa8a4c6a-b336-5419-a8a6-4effc656f2a2,TR_ImalatFasi,EN_ConstructionPhase,TEXT,TR-KEŞİF / METRAJ / MALİYET KIRILIMI,İmalat fazı / aşaması,Construction phase / stage,EN-ESTIMATE / QTO / COST BREAKDOWN
fe27fb79-337f-5641-841e-c4163023e609,TR_IsGrubu,EN_WorkGroup,TEXT,TR-KEŞİF / METRAJ / MALİYET KIRILIMI,İş grubu / trade,Work group / trade,EN-ESTIMATE / QTO / COST BREAKDOWN
a753f0aa-13c0-546b-976e-024b59108961,TR_TedarikPaketNo,EN_ProcurementPackageNumber,TEXT,TR-KEŞİF / METRAJ / MALİYET KIRILIMI,Tedarik / satınalma paketi numarası,Procurement / purchasing package number,EN-ESTIMATE / QTO / COST BREAKDOWN
b5cbb224-1710-5d0b-bed8-d63f3600a819,TR_SantiyeDisiplin,EN_SiteDiscipline,TEXT,TR-KEŞİF / METRAJ / MALİYET KIRILIMI,Şantiye disiplin sorumluluğu,Site discipline responsibility,EN-ESTIMATE / QTO / COST BREAKDOWN
b44b8cd6-4402-5e8a-80be-4577d87bc574,TR_HakedisNo,EN_ProgressPaymentReference,TEXT,TR-KEŞİF / METRAJ / MALİYET KIRILIMI,Hakediş / ilerleme ödeme referansı,Progress payment / interim payment reference,EN-ESTIMATE / QTO / COST BREAKDOWN
835c114d-a421-5494-b7db-5faa542f2b59,TR_MaliyetNotu,EN_CostNote,MULTILINETEXT,TR-KEŞİF / METRAJ / MALİYET KIRILIMI,Maliyet / metraj / keşif açıklama notu,Cost / quantity / estimate description note,EN-ESTIMATE / QTO / COST BREAKDOWN
16d01211-6573-531b-9d4f-0417a885bc52,TR_QA_DosyaAdiKontrol,EN_QAFileNameCheck,YESNO,TR-QA VE TESLİM KONTROLÜ,Dosya adı proje naming convention ile uyumlu mu?,Does the file name comply with the project naming convention?,EN-QA & DELIVERY CHECK
7b03bdd7-aacb-5879-abe5-863671e796fb,TR_QA_YerelKonumKontrol,EN_QAOriginCheck,YESNO,TR-QA VE TESLİM KONTROLÜ,Modelin yerel koordinatı ve başlangıç noktası kontrol edildi mi?,Has the model's local coordinate and origin been checked?,EN-QA & DELIVERY CHECK
94eae745-bf84-52cb-a4d2-ceb6027a2a4d,TR_QA_KatAdlandirmaKontrol,EN_QAStoreyNamingCheck,YESNO,TR-QA VE TESLİM KONTROLÜ,Kat/seviye isimleri proje standardına uygun mu?,Do floor / level names comply with the project standard?,EN-QA & DELIVERY CHECK
301257ed-9a4d-523b-9a72-e145ec221c6c,TR_QA_DogruIfcTur,EN_QACorrectIFCType,YESNO,TR-QA VE TESLİM KONTROLÜ,Eleman doğru IFC türü / entity ile eşlenmiş mi?,Is the element mapped to the correct IFC type / entity?,EN-QA & DELIVERY CHECK
bdc2268f-0e89-502e-96c0-eaed30e8ef2a,TR_QA_AdlandirmaKontrol,EN_QANamingCheck,YESNO,TR-QA VE TESLİM KONTROLÜ,Nesne/ad/tip adlandırması tutarlı mı?,Is the object / name / type naming consistent?,EN-QA & DELIVERY CHECK
59a160b5-6c15-552e-ad91-a3016d538422,TR_QA_SiniflandirmaKontrol,EN_QAClassificationCheck,YESNO,TR-QA VE TESLİM KONTROLÜ,Eleman sınıflandırma bilgisi eksiksiz mi?,Is the element classification information complete?,EN-QA & DELIVERY CHECK
e99843cb-4fcf-542c-8f81-66354526620c,TR_QA_MalzemeAtamasi,EN_QAMaterialAssignment,YESNO,TR-QA VE TESLİM KONTROLÜ,Elemanlara doğru malzeme atanmış mı?,Have the correct materials been assigned to elements?,EN-QA & DELIVERY CHECK
0e3f496b-ee4c-58bb-99e2-b677ef539c79,TR_QA_CakismaKopyaKontrol,EN_QAClashDuplicateCheck,YESNO,TR-QA VE TESLİM KONTROLÜ,Kopya ve çakışma kontrolü yapıldı mı?,Has a duplicate and clash check been performed?,EN-QA & DELIVERY CHECK
89c98854-e58e-5eb3-b3d5-1d8c3a1cb7b1,TR_QA_LoadBearing,EN_QALoadBearing,YESNO,TR-QA VE TESLİM KONTROLÜ,LoadBearing niteliği kontrol edildi mi?,Has the LoadBearing attribute been checked?,EN-QA & DELIVERY CHECK
ff21adee-0d06-5ce2-8ca3-5abfdb0ccd21,TR_QA_IsExternal,EN_QAIsExternal,YESNO,TR-QA VE TESLİM KONTROLÜ,IsExternal niteliği kontrol edildi mi?,Has the IsExternal attribute been checked?,EN-QA & DELIVERY CHECK
bae7ffa5-d40a-5658-b2ad-1ce25b3ad736,TR_QA_FireRating,EN_QAFireRating,YESNO,TR-QA VE TESLİM KONTROLÜ,FireRating niteliği kontrol edildi mi?,Has the FireRating attribute been checked?,EN-QA & DELIVERY CHECK
da04c8be-43c5-577a-aba4-2c2595cc9040,TR_QA_TeslimDurumu,EN_QADeliveryStatus,TEXT,TR-QA VE TESLİM KONTROLÜ,Taslak / Kontrol / Revizyon / Onaylandı,Draft / Review / Revised / Approved,EN-QA & DELIVERY CHECK
fcbdcfde-d1d4-577b-9bef-9c658cf37105,TR_QA_KontrolEden,EN_QACheckedBy,TEXT,TR-QA VE TESLİM KONTROLÜ,QA kontrolünü yapan kişi / ekip,Person / team performing QA check,EN-QA & DELIVERY CHECK
44c780c6-9d5f-56f1-8489-67274828c70b,TR_QA_KontrolTarihi,EN_QACheckDate,TEXT,TR-QA VE TESLİM KONTROLÜ,QA kontrol tarihi,QA check date,EN-QA & DELIVERY CHECK
8f338990-cda9-5b37-8043-f1ff75f878ac,TR_QA_Not,EN_QANote,MULTILINETEXT,TR-QA VE TESLİM KONTROLÜ,Kalite kontrol notu / düzeltme açıklaması,Quality control note / correction description,EN-QA & DELIVERY CHECK
6504c886-0077-5725-a783-ff2dd99538aa,TR_ILS_TeslimAsamasi,EN_ILSDeliveryStage,TEXT,TR-ILS / BİLGİ GEREKSİNİMİ,Bilgi teslim aşaması (Konsept / Ön / Kesin / Uygulama / As-built),Information delivery stage (Concept / Preliminary / Final / Construction / As-built),EN-ILS / INFORMATION REQUIREMENT
d2903811-1e7e-53d4-9b25-c651ca9410dc,TR_ILS_BilgiGereksinimSeviyesi,EN_ILSInformationRequirementLevel,TEXT,TR-ILS / BİLGİ GEREKSİNİMİ,İstenen bilgi seviyesi / teslim beklentisi,Required information level / delivery expectation,EN-ILS / INFORMATION REQUIREMENT
2a2e9787-e1da-5aa6-bf37-88b5f45e9549,TR_ILS_GeometriSeviyesi,EN_ILSGeometryLevel,TEXT,TR-ILS / BİLGİ GEREKSİNİMİ,Geometri olgunluğu / temsil seviyesi,Geometry maturity / representation level,EN-ILS / INFORMATION REQUIREMENT
6fa8f492-d089-59f9-aee2-891e21b736a8,TR_ILS_AlfanumerikSeviye,EN_ILSAlphanumericLevel,TEXT,TR-ILS / BİLGİ GEREKSİNİMİ,Zorunlu alfanümerik bilgi seviyesi,Mandatory alphanumeric information level,EN-ILS / INFORMATION REQUIREMENT
974095ea-429e-56d7-9548-aa553158fae8,TR_ILS_DokumanBagi,EN_ILSDocumentLink,TEXT,TR-ILS / BİLGİ GEREKSİNİMİ,İlgili şartname / katalog / doküman bağlantısı,Related specification / catalogue / document link,EN-ILS / INFORMATION REQUIREMENT
006a1098-70ac-5f92-b3b5-7cca186e4f7b,TR_ILS_ZorunluAlanSeti,EN_ILSMandatoryFieldSet,TEXT,TR-ILS / BİLGİ GEREKSİNİMİ,Teslimde zorunlu alan seti adı,Mandatory field set name for delivery,EN-ILS / INFORMATION REQUIREMENT
5a83cf73-de06-5399-8307-95702f1a2ccc,TR_ILS_DogrulamaKuralSeti,EN_ILSValidationRuleSet,TEXT,TR-ILS / BİLGİ GEREKSİNİMİ,Uygulanacak kural seti / kontrol paketi,Rule set / check package to be applied,EN-ILS / INFORMATION REQUIREMENT
